i,word,freq,ipa,xsampa
211,of,792,"['o', 'f']","['o', 'f']"
544,The,324,"['tʰ', 'e̞']","['t_h', 'e_o']"
586,the,305,"['tʰ', 'e̞']","['t_h', 'e_o']"
800,PP,231,"['p', 'p']","['p', 'p']"
1151,John,166,"['t͡ɕ', 'o', 'h', 'n']","['ts\\', 'o', 'h', 'n']"
1826,H,106,['h'],['h']
1875,II,103,"['i', 'i']","['i', 'i']"
1936,I,99,['i'],['i']
2126,San,89,"['s', 'ã']","['s', 'a~']"
2227,Sir,85,"['s', 'i', 'z̩']","['s', 'i', 'z=']"
2300,MRT,82,"['m', 'z̩', 't']","['m', 'z=', 't']"
2324,O,81,['o'],['o']
2722,X,68,['ɕ'],['s\\']
2752,New,67,"['n', 'e̞', 'w']","['n', 'e_o', 'w']"
2825,Henry,65,"['h', 'ə', 'ɲ', 'z̩', 'y']","['h', '@', 'J', 'z=', 'y']"
2866,in,64,"['ɪ', 'ɲ']","['I', 'J']"
2955,Joseph,62,"['t͡ɕ', 'o', 's', 'e̞', 'pʰ']","['ts\\', 'o', 's', 'e_o', 'p_h']"
2956,for,62,"['f', 'o', 'z̩']","['f', 'o', 'z=']"
3083,Metro,59,"['m', 'e̞', 't', 'z̩', 'o']","['m', 'e_o', 't', 'z=', 'o']"
3192,III,57,"['i', 'i', 'i']","['i', 'i', 'i']"
3241,Jr,56,"['t͡ɕ', 'z̩']","['ts\\', 'z=']"
3242,Microsoft,56,"['m', 'i', 'c', 'z̩', 'o', 's', 'o', 'f', 't']","['m', 'i', 'c', 'z=', 'o', 's', 'o', 'f', 't']"
3243,S,56,['s'],['s']
3288,Line,55,"['l', 'ɪ', 'ɲ', 'e̞']","['l', 'I', 'J', 'e_o']"
3344,Paul,54,"['p', 'ɔ', 'l']","['p', 'O', 'l']"
3345,les,54,"['l', 'e̞', 's']","['l', 'e_o', 's']"
3346,n,54,['n'],['n']
3347,y,54,['y'],['y']
3628,PHP,49,"['pʰ', 'p']","['p_h', 'p']"
3690,Jeux,48,"['t͡ɕ', 'ɜ', 'ɕ']","['ts\\', '3', 's\\']"
3762,Peter,47,"['p', 'e̞', 't', 'ə', 'ɻ']","['p', 'e_o', 't', '@', 'r\\`']"
4135,ISO,42,"['i', 's', 'o']","['i', 's', 'o']"
4301,J,40,['t͡ɕ'],['ts\\']
4402,System,39,"['s', 'y', 's', 't', 'e̞', 'm']","['s', 'y', 's', 't', 'e_o', 'm']"
4404,shi,39,"['s', 'h', 'i']","['s', 'h', 'i']"
4604,Union,37,"['ɯ', 'ə̯', 'ɲ', 'i̯', 'ʊ', 'ŋ']","['M', '@_^', 'J', 'i_^', 'U', 'N']"
4721,Inc,36,"['ɪ', 'ɲ', 'c']","['I', 'J', 'c']"
4813,Jean,35,"['t͡ɕ', 'e̞', 'ã']","['ts\\', 'e_o', 'a~']"
4932,K,34,['k'],['k']
5052,N,33,['n'],['n']
5053,OS,33,"['o', 's']","['o', 's']"
5165,European,32,"['ɜ', 'z̩', 'o', 'p', 'e̞', 'ã']","['3', 'z=', 'o', 'p', 'e_o', 'a~']"
5167,One,32,"['ʊ', 'ŋ', 'e̞']","['U', 'N', 'e_o']"
5168,le,32,"['l', 'e̞']","['l', 'e_o']"
5302,Olympic,31,"['o', 'l', 'y', 'm', 'p', 'i', 'c']","['o', 'l', 'y', 'm', 'p', 'i', 'c']"
5306,i,31,['i'],['i']
5447,Helen,30,"['h', 'e̞', 'l', 'ə', 'ɲ']","['h', 'e_o', 'l', '@', 'J']"
5448,Internet,30,"['ɪ', 'ɲ', 't', 'ə', 'ɻ', 'n', 'e̞', 't']","['I', 'J', 't', '@', 'r\\`', 'n', 'e_o', 't']"
5450,OH,30,"['o', 'h']","['o', 'h']"
5451,Pierre,30,"['p', 'i', 'ə', 'ɻ', 'z̩', 'e̞']","['p', 'i', '@', 'r\\`', 'z=', 'e_o']"
5453,system,30,"['s', 'y', 's', 't', 'e̞', 'm']","['s', 'y', 's', 't', 'e_o', 'm']"
5750,1st,28,"['s', 't']","['s', 't']"
5753,Antonio,28,"['ã', 't', 'ʊ', 'ŋ', 'i̯', 'o']","['a~', 't', 'U', 'N', 'i_^', 'o']"
5760,North,28,"['n', 'o', 'z̩', 'tʰ']","['n', 'o', 'z=', 't_h']"
5766,ng,28,['ŋ'],['N']
5956,Lee,27,"['l', 'e̞', 'e̞']","['l', 'e_o', 'e_o']"
5961,http,27,"['h', 't', 't', 'p']","['h', 't', 't', 'p']"
5962,to,27,"['t', 'o']","['t', 'o']"
6148,Johann,26,"['t͡ɕ', 'o', 'h', 'ã', 'n']","['ts\\', 'o', 'h', 'a~', 'n']"
6149,Le,26,"['l', 'e̞']","['l', 'e_o']"
6154,ois,26,"['o', 'i', 's']","['o', 'i', 's']"
6349,France,25,"['f', 'z̩', 'ã', 'c', 'e̞']","['f', 'z=', 'a~', 'c', 'e_o']"
6352,km,25,"['k', 'm']","['k', 'm']"
6585,JR,24,"['t͡ɕ', 'z̩']","['ts\\', 'z=']"
6587,et,24,"['e̞', 't']","['e_o', 't']"
6822,Anthony,23,"['ã', 'tʰ', 'ʊ', 'ŋ', 'y']","['a~', 't_h', 'U', 'N', 'y']"
6827,El,23,"['e̞', 'l']","['e_o', 'l']"
6828,Francis,23,"['f', 'z̩', 'ã', 'c', 'i', 's']","['f', 'z=', 'a~', 'c', 'i', 's']"
6829,Franç,23,"['f', 'z̩', 'ã', 'ç']","['f', 'z=', 'a~', 'c']"
6834,il,23,"['i', 'l']","['i', 'l']"
6835,on,23,"['ʊ', 'ŋ']","['U', 'N']"
7085,Anne,22,"['ã', 'n', 'e̞']","['a~', 'n', 'e_o']"
7089,Ernst,22,"['ə', 'ɻ', 'n', 's', 't']","['@', 'r\\`', 'n', 's', 't']"
7091,F,22,['f'],['f']
7092,FRS,22,"['f', 'z̩', 's']","['f', 'z=', 's']"
7095,Ioannes,22,"['i̯', 'o', 'ã', 'n', 'e̞', 's']","['i_^', 'o', 'a~', 'n', 'e_o', 's']"
7097,L,22,['l'],['l']
7098,Leo,22,"['l', 'e̞', 'o']","['l', 'e_o', 'o']"
7100,Mount,22,"['m', 'o', 'ɯ', 'ə̯', 'ɲ', 't']","['m', 'o', 'M', '@_^', 'J', 't']"
7101,Rio,22,"['z̩', 'i̯', 'o']","['z=', 'i_^', 'o']"
7102,St,22,"['s', 't']","['s', 't']"
7103,Town,22,"['t', 'o', 'w', 'n']","['t', 'o', 'w', 'n']"
7104,Unix,22,"['ɯ', 'ə̯', 'ɲ', 'i', 'ɕ']","['M', '@_^', 'J', 'i', 's\\']"
7366,Empire,21,"['e̞', 'm', 'p', 'i', 'z̩', 'e̞']","['e_o', 'm', 'p', 'i', 'z=', 'e_o']"
7371,Network,21,"['n', 'e̞', 't', 'w', 'o', 'z̩', 'k']","['n', 'e_o', 't', 'w', 'o', 'z=', 'k']"
7372,Protocol,21,"['p', 'z̩', 'o', 't', 'o', 'c', 'o', 'l']","['p', 'z=', 'o', 't', 'o', 'c', 'o', 'l']"
7378,län,21,"['l', 'ä', 'n']","['l', 'a_""', 'n']"
7654,Francisco,20,"['f', 'z̩', 'ã', 'c', 'i', 's', 'c', 'o']","['f', 'z=', 'a~', 'c', 'i', 's', 'c', 'o']"
7655,Heinrich,20,"['h', 'e̞', 'ɪ', 'ɲ', 'z̩', 'i', 'c', 'h']","['h', 'e_o', 'I', 'J', 'z=', 'i', 'c', 'h']"
7662,Simon,20,"['s', 'i', 'm', 'ʊ', 'ŋ']","['s', 'i', 'm', 'U', 'N']"
7664,York,20,"['y', 'o', 'z̩', 'k']","['y', 'o', 'z=', 'k']"
7665,el,20,"['e̞', 'l']","['e_o', 'l']"
7666,iOS,20,"['i̯', 'o', 's']","['i_^', 'o', 's']"
7667,or,20,"['o', 'z̩']","['o', 'z=']"
7970,History,19,"['h', 'i', 's', 't', 'o', 'z̩', 'y']","['h', 'i', 's', 't', 'o', 'z=', 'y']"
7978,Otto,19,"['o', 't', 't', 'o']","['o', 't', 't', 'o']"
7979,P,19,['p'],['p']
7981,Rock,19,"['z̩', 'o', 'c', 'k']","['z=', 'o', 'c', 'k']"
8312,E,18,['e̞'],['e_o']
8317,Henri,18,"['h', 'ə', 'ɲ', 'z̩', 'i']","['h', '@', 'J', 'z=', 'i']"
8320,Jan,18,"['t͡ɕ', 'ã']","['ts\\', 'a~']"
8321,Johannes,18,"['t͡ɕ', 'o', 'h', 'ã', 'n', 'e̞', 's']","['ts\\', 'o', 'h', 'a~', 'n', 'e_o', 's']"
8322,Los,18,"['l', 'o', 's']","['l', 'o', 's']"
8327,Python,18,"['p', 'y', 'tʰ', 'ʊ', 'ŋ']","['p', 'y', 't_h', 'U', 'N']"
8334,e,18,['e̞'],['e_o']
8335,ken,18,"['k', 'ə', 'ɲ']","['k', '@', 'J']"
8338,line,18,"['l', 'ɪ', 'ɲ', 'e̞']","['l', 'I', 'J', 'e_o']"
8684,IP,17,"['i', 'p']","['i', 'p']"
8685,Jane,17,"['t͡ɕ', 'ã', 'e̞']","['ts\\', 'a~', 'e_o']"
8689,NO,17,"['n', 'o']","['n', 'o']"
9090,Ann,16,"['ã', 'n']","['a~', 'n']"
9096,Francesco,16,"['f', 'z̩', 'ã', 'c', 'e̞', 's', 'c', 'o']","['f', 'z=', 'a~', 'c', 'e_o', 's', 'c', 'o']"
9097,Kim,16,"['k', 'i', 'm']","['k', 'i', 'm']"
9098,Maurice,16,"['m', 'ɔ', 'z̩', 'i', 'c', 'e̞']","['m', 'O', 'z=', 'i', 'c', 'e_o']"
9101,Philip,16,"['pʰ', 'i', 'l', 'i', 'p']","['p_h', 'i', 'l', 'i', 'p']"
9102,Port,16,"['p', 'o', 'z̩', 't']","['p', 'o', 'z=', 't']"
9103,Project,16,"['p', 'z̩', 'o', 't͡ɕ', 'e̞', 'c', 't']","['p', 'z=', 'o', 'ts\\', 'e_o', 'c', 't']"
9107,Y,16,['y'],['y']
9579,Frank,15,"['f', 'z̩', 'ã', 'k']","['f', 'z=', 'a~', 'k']"
9580,Free,15,"['f', 'z̩', 'e̞', 'e̞']","['f', 'z=', 'e_o', 'e_o']"
9582,Hans,15,"['h', 'ã', 's']","['h', 'a~', 's']"
9583,Hill,15,"['h', 'i', 'l', 'l']","['h', 'i', 'l', 'l']"
9586,Man,15,"['m', 'ã']","['m', 'a~']"
9587,Nick,15,"['n', 'i', 'c', 'k']","['n', 'i', 'c', 'k']"
9589,Science,15,"['s', 'c', 'i', 'ə', 'ɲ', 'c', 'e̞']","['s', 'c', 'i', '@', 'J', 'c', 'e_o']"
9590,Stephen,15,"['s', 't', 'e̞', 'pʰ', 'ə', 'ɲ']","['s', 't', 'e_o', 'p_h', '@', 'J']"
9591,Tower,15,"['t', 'o', 'w', 'ə', 'ɻ']","['t', 'o', 'w', '@', 'r\\`']"
9592,an,15,['ã'],['a~']
9595,ki,15,"['k', 'i']","['k', 'i']"
9597,s,15,['s'],['s']
9598,with,15,"['w', 'i', 'tʰ']","['w', 'i', 't_h']"
10091,Ernest,14,"['ə', 'ɻ', 'n', 'e̞', 's', 't']","['@', 'r\\`', 'n', 'e_o', 's', 't']"
10098,Les,14,"['l', 'e̞', 's']","['l', 'e_o', 's']"
10102,Michel,14,"['m', 'i', 'c', 'h', 'e̞', 'l']","['m', 'i', 'c', 'h', 'e_o', 'l']"
10106,München,14,"['m', 'ü', 'n', 'c', 'h', 'ə', 'ɲ']","['m', 'u_""', 'n', 'c', 'h', '@', 'J']"
10108,Office,14,"['o', 'f', 'f', 'i', 'c', 'e̞']","['o', 'f', 'f', 'i', 'c', 'e_o']"
10109,Pietro,14,"['p', 'i', 'e̞', 't', 'z̩', 'o']","['p', 'i', 'e_o', 't', 'z=', 'o']"
10110,Prince,14,"['p', 'z̩', 'ɪ', 'ɲ', 'c', 'e̞']","['p', 'z=', 'I', 'J', 'c', 'e_o']"
10113,Rose,14,"['z̩', 'o', 's', 'e̞']","['z=', 'o', 's', 'e_o']"
10116,S1,14,['s'],['s']
10117,Santos,14,"['s', 'ã', 't', 'o', 's']","['s', 'a~', 't', 'o', 's']"
10119,Tim,14,"['t', 'i', 'm']","['t', 'i', 'm']"
10732,Joan,13,"['t͡ɕ', 'o', 'ã']","['ts\\', 'o', 'a~']"
10734,Josef,13,"['t͡ɕ', 'o', 's', 'e̞', 'f']","['ts\\', 'o', 's', 'e_o', 'f']"
10735,Khan,13,"['kʰ', 'ã']","['k_h', 'a~']"
10737,R,13,['z̩'],['z=']
10740,Stock,13,"['s', 't', 'o', 'c', 'k']","['s', 't', 'o', 'c', 'k']"
10742,Tom,13,"['t', 'o', 'm']","['t', 'o', 'm']"
10743,Transit,13,"['t', 'z̩', 'ã', 's', 'i', 't']","['t', 'z=', 'a~', 's', 'i', 't']"
10748,en,13,"['ə', 'ɲ']","['@', 'J']"
10750,mi,13,"['m', 'i']","['m', 'i']"
10752,o,13,['o'],['o']
10753,sen,13,"['s', 'ə', 'ɲ']","['s', '@', 'J']"
11363,An,12,['ã'],['a~']
11376,Felis,12,"['f', 'e̞', 'l', 'i', 's']","['f', 'e_o', 'l', 'i', 's']"
11377,Felix,12,"['f', 'e̞', 'l', 'i', 'ɕ']","['f', 'e_o', 'l', 'i', 's\\']"
11378,Film,12,"['f', 'i', 'l', 'm']","['f', 'i', 'l', 'm']"
11381,Hermann,12,"['h', 'ə', 'ɻ', 'm', 'ã', 'n']","['h', '@', 'r\\`', 'm', 'a~', 'n']"
11383,Homo,12,"['h', 'o', 'm', 'o']","['h', 'o', 'm', 'o']"
11384,IEEE,12,"['i', 'e̞', 'e̞', 'e̞']","['i', 'e_o', 'e_o', 'e_o']"
11385,In,12,"['ɪ', 'ɲ']","['I', 'J']"
11387,Joe,12,"['t͡ɕ', 'ø']","['ts\\', '2']"
11393,Roy,12,"['z̩', 'o', 'y']","['z=', 'o', 'y']"
11397,Society,12,"['s', 'o', 'c', 'i', 'e̞', 't', 'y']","['s', 'o', 'c', 'i', 'e_o', 't', 'y']"
11399,Stanley,12,"['s', 't', 'ã', 'l', 'e̞', 'y']","['s', 't', 'a~', 'l', 'e_o', 'y']"
11413,los,12,"['l', 'o', 's']","['l', 'o', 's']"
11414,theory,12,"['tʰ', 'e̞', 'o', 'z̩', 'y']","['t_h', 'e_o', 'o', 'z=', 'y']"
12155,Eric,11,"['ə', 'ɻ', 'i', 'c']","['@', 'r\\`', 'i', 'c']"
12156,Fort,11,"['f', 'o', 'z̩', 't']","['f', 'o', 'z=', 't']"
12164,Johnny,11,"['t͡ɕ', 'o', 'h', 'n', 'ɲ']","['ts\\', 'o', 'h', 'n', 'J']"
12165,Jones,11,"['t͡ɕ', 'ʊ', 'ŋ', 'e̞', 's']","['ts\\', 'U', 'N', 'e_o', 's']"
12172,Michelle,11,"['m', 'i', 'c', 'h', 'e̞', 'l', 'l', 'e̞']","['m', 'i', 'c', 'h', 'e_o', 'l', 'l', 'e_o']"
12174,Neo,11,"['n', 'e̞', 'o']","['n', 'e_o', 'o']"
12175,Open,11,"['o', 'p', 'ə', 'ɲ']","['o', 'p', '@', 'J']"
12177,Pixel,11,"['p', 'i', 'ɕ', 'e̞', 'l']","['p', 'i', 's\\', 'e_o', 'l']"
12184,SNK,11,"['s', 'n', 'k']","['s', 'n', 'k']"
12185,Si,11,"['s', 'i']","['s', 'i']"
12186,Sports,11,"['s', 'p', 'o', 'z̩', 't͡s']","['s', 'p', 'o', 'z=', 'ts']"
12188,Street,11,"['s', 't', 'z̩', 'e̞', 'e̞', 't']","['s', 't', 'z=', 'e_o', 'e_o', 't']"
12190,T,11,['t'],['t']
12191,Time,11,"['t', 'i', 'm', 'e̞']","['t', 'i', 'm', 'e_o']"
13108,F1,10,['f'],['f']
13120,Ian,10,"['i̯', 'ã']","['i_^', 'a~']"
13121,Intel,10,"['ɪ', 'ɲ', 't', 'e̞', 'l']","['I', 'J', 't', 'e_o', 'l']"
13123,Jennifer,10,"['t͡ɕ', 'ə', 'ɲ', 'n', 'i', 'f', 'ə', 'ɻ']","['ts\\', '@', 'J', 'n', 'i', 'f', '@', 'r\\`']"
13124,Jenny,10,"['t͡ɕ', 'ə', 'ɲ', 'ɲ']","['ts\\', '@', 'J', 'J']"
13125,Jim,10,"['t͡ɕ', 'i', 'm']","['ts\\', 'i', 'm']"
13126,Johnson,10,"['t͡ɕ', 'o', 'h', 'n', 's', 'ʊ', 'ŋ']","['ts\\', 'o', 'h', 'n', 's', 'U', 'N']"
13127,Jon,10,"['t͡ɕ', 'ʊ', 'ŋ']","['ts\\', 'U', 'N']"
13128,Joseon,10,"['t͡ɕ', 'o', 's', 'e̞', 'ʊ', 'ŋ']","['ts\\', 'o', 's', 'e_o', 'U', 'N']"
13129,June,10,"['t͡ɕ', 'ɯ', 'ə̯', 'ɲ', 'e̞']","['ts\\', 'M', '@_^', 'J', 'e_o']"
13131,Leon,10,"['l', 'e̞', 'ʊ', 'ŋ']","['l', 'e_o', 'U', 'N']"
13132,Lewis,10,"['l', 'e̞', 'w', 'i', 's']","['l', 'e_o', 'w', 'i', 's']"
13134,M,10,['m'],['m']
13137,Milton,10,"['m', 'i', 'l', 't', 'ʊ', 'ŋ']","['m', 'i', 'l', 't', 'U', 'N']"
13141,Norman,10,"['n', 'o', 'z̩', 'm', 'ã']","['n', 'o', 'z=', 'm', 'a~']"
13142,Northern,10,"['n', 'o', 'z̩', 'tʰ', 'ə', 'ɻ', 'n']","['n', 'o', 'z=', 't_h', '@', 'r\\`', 'n']"
13144,OM,10,"['o', 'm']","['o', 'm']"
13147,Philippe,10,"['pʰ', 'i', 'l', 'i', 'p', 'p', 'e̞']","['p_h', 'i', 'l', 'i', 'p', 'p', 'e_o']"
13148,Phonetic,10,"['pʰ', 'ʊ', 'ŋ', 'e̞', 't', 'i', 'c']","['p_h', 'U', 'N', 'e_o', 't', 'i', 'c']"
13151,Reino,10,"['z̩', 'e̞', 'ɪ', 'ɲ', 'o']","['z=', 'e_o', 'I', 'J', 'o']"
13153,SO,10,"['s', 'o']","['s', 'o']"
13154,Show,10,"['s', 'h', 'o', 'w']","['s', 'h', 'o', 'w']"
13155,Sun,10,"['s', 'ɯ', 'ə̯', 'ɲ']","['s', 'M', '@_^', 'J']"
13158,Timothy,10,"['t', 'i', 'm', 'o', 'tʰ', 'y']","['t', 'i', 'm', 'o', 't_h', 'y']"
13162,cell,10,"['c', 'e̞', 'l', 'l']","['c', 'e_o', 'l', 'l']"
13163,km2,10,"['k', 'm']","['k', 'm']"
13164,m,10,['m'],['m']
13166,rock,10,"['z̩', 'o', 'c', 'k']","['z=', 'o', 'c', 'k']"
13170,www,10,"['w', 'w', 'w']","['w', 'w', 'w']"
14225,Authority,9,"['ɔ', 'tʰ', 'o', 'z̩', 'i', 't', 'y']","['O', 't_h', 'o', 'z=', 'i', 't', 'y']"
14243,Electronic,9,"['e̞', 'l', 'e̞', 'c', 't', 'z̩', 'ʊ', 'ŋ', 'i', 'c']","['e_o', 'l', 'e_o', 'c', 't', 'z=', 'U', 'N', 'i', 'c']"
14247,Fe,9,"['f', 'e̞']","['f', 'e_o']"
14249,Franklin,9,"['f', 'z̩', 'ã', 'k', 'l', 'ɪ', 'ɲ']","['f', 'z=', 'a~', 'k', 'l', 'I', 'J']"
14254,HTML,9,"['h', 't', 'm', 'l']","['h', 't', 'm', 'l']"
14255,HTTP,9,"['h', 't', 't', 'p']","['h', 't', 't', 'p']"
14258,Hotel,9,"['h', 'o', 't', 'e̞', 'l']","['h', 'o', 't', 'e_o', 'l']"
14264,Johan,9,"['t͡ɕ', 'o', 'h', 'ã']","['ts\\', 'o', 'h', 'a~']"
14267,Kenneth,9,"['k', 'ə', 'ɲ', 'n', 'e̞', 'tʰ']","['k', '@', 'J', 'n', 'e_o', 't_h']"
14278,Ng,9,['ŋ'],['N']
14279,No,9,"['n', 'o']","['n', 'o']"
14280,Norte,9,"['n', 'o', 'z̩', 't', 'e̞']","['n', 'o', 'z=', 't', 'e_o']"
14281,Online,9,"['ʊ', 'ŋ', 'l', 'ɪ', 'ɲ', 'e̞']","['U', 'N', 'l', 'I', 'J', 'e_o']"
14283,PS,9,"['p', 's']","['p', 's']"
14284,Pieter,9,"['p', 'i', 'e̞', 't', 'ə', 'ɻ']","['p', 'i', 'e_o', 't', '@', 'r\\`']"
14286,Power,9,"['p', 'o', 'w', 'ə', 'ɻ']","['p', 'o', 'w', '@', 'r\\`']"
14292,S3,9,['s'],['s']
14295,Santo,9,"['s', 'ã', 't', 'o']","['s', 'a~', 't', 'o']"
14296,School,9,"['s', 'c', 'h', 'o', 'o', 'l']","['s', 'c', 'h', 'o', 'o', 'l']"
14298,SiO,9,"['s', 'i̯', 'o']","['s', 'i_^', 'o']"
14301,Smith,9,"['s', 'm', 'i', 'tʰ']","['s', 'm', 'i', 't_h']"
14303,Sophie,9,"['s', 'o', 'pʰ', 'i', 'e̞']","['s', 'o', 'p_h', 'i', 'e_o']"
14306,Store,9,"['s', 't', 'o', 'z̩', 'e̞']","['s', 't', 'o', 'z=', 'e_o']"
14310,Times,9,"['t', 'i', 'm', 'e̞', 's']","['t', 'i', 'm', 'e_o', 's']"
14325,https,9,"['h', 't', 't', 'p', 's']","['h', 't', 't', 'p', 's']"
14326,is,9,"['i', 's']","['i', 's']"
14327,l,9,['l'],['l']
14330,people,9,"['p', 'e̞', 'o', 'p', 'l', 'e̞']","['p', 'e_o', 'o', 'p', 'l', 'e_o']"
14331,pp,9,"['p', 'p']","['p', 'p']"
14333,ric,9,"['z̩', 'i', 'c']","['z=', 'i', 'c']"
14335,torii,9,"['t', 'o', 'z̩', 'i', 'i']","['t', 'o', 'z=', 'i', 'i']"
15552,Antoine,8,"['ã', 't', 'o', 'ɪ', 'ɲ', 'e̞']","['a~', 't', 'o', 'I', 'J', 'e_o']"
15553,Anton,8,"['ã', 't', 'ʊ', 'ŋ']","['a~', 't', 'U', 'N']"
15561,Auto,8,"['ɔ', 't', 'o']","['O', 't', 'o']"
15580,Electric,8,"['e̞', 'l', 'e̞', 'c', 't', 'z̩', 'i', 'c']","['e_o', 'l', 'e_o', 'c', 't', 'z=', 'i', 'c']"
15584,Felipe,8,"['f', 'e̞', 'l', 'i', 'p', 'e̞']","['f', 'e_o', 'l', 'i', 'p', 'e_o']"
15598,Holy,8,"['h', 'o', 'l', 'y']","['h', 'o', 'l', 'y']"
15599,Home,8,"['h', 'o', 'm', 'e̞']","['h', 'o', 'm', 'e_o']"
15600,Hot,8,"['h', 'o', 't']","['h', 'o', 't']"
15602,IRT,8,"['i', 'z̩', 't']","['i', 'z=', 't']"
15603,Il,8,"['i', 'l']","['i', 'l']"
15608,Jeffrey,8,"['t͡ɕ', 'e̞', 'f', 'f', 'z̩', 'e̞', 'y']","['ts\\', 'e_o', 'f', 'f', 'z=', 'e_o', 'y']"
15612,Kü,8,"['k', 'ü']","['k', 'u_""']"
15617,Little,8,"['l', 'i', 't', 't', 'l', 'e̞']","['l', 'i', 't', 't', 'l', 'e_o']"
15621,Lyon,8,"['l', 'y', 'ʊ', 'ŋ']","['l', 'y', 'U', 'N']"
15627,Metropolitan,8,"['m', 'e̞', 't', 'z̩', 'o', 'p', 'o', 'l', 'i', 't', 'ã']","['m', 'e_o', 't', 'z=', 'o', 'p', 'o', 'l', 'i', 't', 'a~']"
15637,OMFRS,8,"['o', 'm', 'f', 'z̩', 's']","['o', 'm', 'f', 'z=', 's']"
15638,Ocean,8,"['o', 'c', 'e̞', 'ã']","['o', 'c', 'e_o', 'a~']"
15643,Pan,8,"['p', 'ã']","['p', 'a~']"
15647,Philipp,8,"['pʰ', 'i', 'l', 'i', 'p', 'p']","['p_h', 'i', 'l', 'i', 'p', 'p']"
15648,Phoenix,8,"['pʰ', 'ø', 'n', 'i', 'ɕ']","['p_h', '2', 'n', 'i', 's\\']"
15650,Porto,8,"['p', 'o', 'z̩', 't', 'o']","['p', 'o', 'z=', 't', 'o']"
15651,Princess,8,"['p', 'z̩', 'ɪ', 'ɲ', 'c', 'e̞', 's', 's']","['p', 'z=', 'I', 'J', 'c', 'e_o', 's', 's']"
15654,ROM,8,"['z̩', 'o', 'm']","['z=', 'o', 'm']"
15660,Roman,8,"['z̩', 'o', 'm', 'ã']","['z=', 'o', 'm', 'a~']"
15663,SM,8,"['s', 'm']","['s', 'm']"
15664,Sciences,8,"['s', 'c', 'i', 'ə', 'ɲ', 'c', 'e̞', 's']","['s', 'c', 'i', '@', 'J', 'c', 'e_o', 's']"
15665,Scott,8,"['s', 'c', 'o', 't', 't']","['s', 'c', 'o', 't', 't']"
15667,Sport,8,"['s', 'p', 'o', 'z̩', 't']","['s', 'p', 'o', 'z=', 't']"
15670,São,8,"['s', 'ã', 'o']","['s', 'a~', 'o']"
15673,Tony,8,"['t', 'ʊ', 'ŋ', 'y']","['t', 'U', 'N', 'y']"
15680,XII,8,"['ɕ', 'i', 'i']","['s\\', 'i', 'i']"
15684,ili,8,"['i', 'l', 'i']","['i', 'l', 'i']"
15688,no,8,"['n', 'o']","['n', 'o']"
15692,x,8,['ɕ'],['s\\']
17220,Emily,7,"['e̞', 'm', 'i', 'l', 'y']","['e_o', 'm', 'i', 'l', 'y']"
17224,Fire,7,"['f', 'i', 'z̩', 'e̞']","['f', 'i', 'z=', 'e_o']"
17225,First,7,"['f', 'i', 'z̩', 's', 't']","['f', 'i', 'z=', 's', 't']"
17228,Frances,7,"['f', 'z̩', 'ã', 'c', 'e̞', 's']","['f', 'z=', 'a~', 'c', 'e_o', 's']"
17238,Horse,7,"['h', 'o', 'z̩', 's', 'e̞']","['h', 'o', 'z=', 's', 'e_o']"
17239,IAU,7,"['i̯', 'ɔ']","['i_^', 'O']"
17246,Irish,7,"['i', 'z̩', 'i', 's', 'h']","['i', 'z=', 'i', 's', 'h']"
17256,Leslie,7,"['l', 'e̞', 's', 'l', 'i', 'e̞']","['l', 'e_o', 's', 'l', 'i', 'e_o']"
17257,Life,7,"['l', 'i', 'f', 'e̞']","['l', 'i', 'f', 'e_o']"
17268,Memory,7,"['m', 'e̞', 'm', 'o', 'z̩', 'y']","['m', 'e_o', 'm', 'o', 'z=', 'y']"
17272,Motor,7,"['m', 'o', 't', 'o', 'z̩']","['m', 'o', 't', 'o', 'z=']"
17274,My,7,"['m', 'y']","['m', 'y']"
17277,NH,7,"['n', 'h']","['n', 'h']"
17278,NHL,7,"['n', 'h', 'l']","['n', 'h', 'l']"
17280,Neil,7,"['n', 'e̞', 'i', 'l']","['n', 'e_o', 'i', 'l']"
17281,Nelson,7,"['n', 'e̞', 'l', 's', 'ʊ', 'ŋ']","['n', 'e_o', 'l', 's', 'U', 'N']"
17285,Of,7,"['o', 'f']","['o', 'f']"
17291,Philips,7,"['pʰ', 'i', 'l', 'i', 'p', 's']","['p_h', 'i', 'l', 'i', 'p', 's']"
17292,Phone,7,"['pʰ', 'ʊ', 'ŋ', 'e̞']","['p_h', 'U', 'N', 'e_o']"
17302,Ron,7,"['z̩', 'ʊ', 'ŋ']","['z=', 'U', 'N']"
17304,SI,7,"['s', 'i']","['s', 'i']"
17309,Sky,7,"['s', 'k', 'y']","['s', 'k', 'y']"
17310,Soft,7,"['s', 'o', 'f', 't']","['s', 'o', 'f', 't']"
17318,TLS,7,"['t', 'l', 's']","['t', 'l', 's']"
17319,Territory,7,"['t', 'ə', 'ɻ', 'z̩', 'i', 't', 'o', 'z̩', 'y']","['t', '@', 'r\\`', 'z=', 'i', 't', 'o', 'z=', 'y']"
17336,common,7,"['c', 'o', 'm̩', 'ʊ', 'ŋ']","['c', 'o', 'm=', 'U', 'N']"
17338,effect,7,"['e̞', 'f', 'f', 'e̞', 'c', 't']","['e_o', 'f', 'f', 'e_o', 'c', 't']"
17341,film,7,"['f', 'i', 'l', 'm']","['f', 'i', 'l', 'm']"
17343,nm,7,"['n', 'm']","['n', 'm']"
17348,unit,7,"['ɯ', 'ə̯', 'ɲ', 'i', 't']","['M', '@_^', 'J', 'i', 't']"
19293,2K,6,['k'],['k']
19406,E3,6,['e̞'],['e_o']
19409,Economic,6,"['e̞', 'c', 'ʊ', 'ŋ', 'o', 'm', 'i', 'c']","['e_o', 'c', 'U', 'N', 'o', 'm', 'i', 'c']"
19413,Ellen,6,"['e̞', 'l', 'l', 'ə', 'ɲ']","['e_o', 'l', 'l', '@', 'J']"
19415,Epic,6,"['e̞', 'p', 'i', 'c']","['e_o', 'p', 'i', 'c']"
19419,Europe,6,"['ɜ', 'z̩', 'o', 'p', 'e̞']","['3', 'z=', 'o', 'p', 'e_o']"
19421,FK,6,"['f', 'k']","['f', 'k']"
19424,Fox,6,"['f', 'o', 'ɕ']","['f', 'o', 's\\']"
19427,Freiherr,6,"['f', 'z̩', 'e̞', 'i', 'h', 'ə', 'ɻ', 'z̩']","['f', 'z=', 'e_o', 'i', 'h', '@', 'r\\`', 'z=']"
19448,Henrik,6,"['h', 'ə', 'ɲ', 'z̩', 'i', 'k']","['h', '@', 'J', 'z=', 'i', 'k']"
19451,IT,6,"['i', 't']","['i', 't']"
19454,Isle,6,"['i', 's', 'l', 'e̞']","['i', 's', 'l', 'e_o']"
19457,Jerome,6,"['t͡ɕ', 'ə', 'ɻ', 'o', 'm', 'e̞']","['ts\\', '@', 'r\\`', 'o', 'm', 'e_o']"
19458,Jersey,6,"['t͡ɕ', 'ə', 'ɻ', 's', 'e̞', 'y']","['ts\\', '@', 'r\\`', 's', 'e_o', 'y']"
19460,Jimmy,6,"['t͡ɕ', 'i', 'm̩', 'y']","['ts\\', 'i', 'm=', 'y']"
19461,Jo,6,"['t͡ɕ', 'o']","['ts\\', 'o']"
19465,Kanton,6,"['k', 'ã', 't', 'ʊ', 'ŋ']","['k', 'a~', 't', 'U', 'N']"
19467,Ken,6,"['k', 'ə', 'ɲ']","['k', '@', 'J']"
19468,Key,6,"['k', 'e̞', 'y']","['k', 'e_o', 'y']"
19469,Keyser,6,"['k', 'e̞', 'y', 's', 'ə', 'ɻ']","['k', 'e_o', 'y', 's', '@', 'r\\`']"
19474,Lily,6,"['l', 'i', 'l', 'y']","['l', 'i', 'l', 'y']"
19475,Link,6,"['l', 'ɪ', 'ɲ', 'k']","['l', 'I', 'J', 'k']"
19480,Lynx,6,"['l', 'ʏ', 'ɲ', 'ɕ']","['l', 'Y', 'J', 's\\']"
19485,Me,6,"['m', 'e̞']","['m', 'e_o']"
19487,Miller,6,"['m', 'i', 'l', 'l', 'ə', 'ɻ']","['m', 'i', 'l', 'l', '@', 'r\\`']"
19489,Mint,6,"['m', 'ɪ', 'ɲ', 't']","['m', 'I', 'J', 't']"
19492,Montes,6,"['m', 'ʊ', 'ŋ', 't', 'e̞', 's']","['m', 'U', 'N', 't', 'e_o', 's']"
19493,Moscow,6,"['m', 'o', 's', 'c', 'o', 'w']","['m', 'o', 's', 'c', 'o', 'w']"
19494,NET,6,"['n', 'e̞', 't']","['n', 'e_o', 't']"
19497,Ni,6,"['n', 'i']","['n', 'i']"
19498,Nicolaus,6,"['n', 'i', 'c', 'o', 'l', 'ɔ', 's']","['n', 'i', 'c', 'o', 'l', 'O', 's']"
19499,Nippon,6,"['n', 'i', 'p', 'p', 'ʊ', 'ŋ']","['n', 'i', 'p', 'p', 'U', 'N']"
19500,OSI,6,"['o', 's', 'i']","['o', 's', 'i']"
19501,OSM,6,"['o', 's', 'm']","['o', 's', 'm']"
19508,Paulo,6,"['p', 'ɔ', 'l', 'o']","['p', 'O', 'l', 'o']"
19511,Perry,6,"['p', 'ə', 'ɻ', 'z̩', 'y']","['p', '@', 'r\\`', 'z=', 'y']"
19517,Press,6,"['p', 'z̩', 'e̞', 's', 's']","['p', 'z=', 'e_o', 's', 's']"
19528,Rn,6,"['z̩', 'n']","['z=', 'n']"
19532,SFT,6,"['s', 'f', 't']","['s', 'f', 't']"
19534,SQL,6,"['s', 't͡ɕʰ', 'l']","['s', 'ts\\_h', 'l']"
19535,Saul,6,"['s', 'ɔ', 'l']","['s', 'O', 'l']"
19536,Scientific,6,"['s', 'c', 'i', 'ə', 'ɲ', 't', 'i', 'f', 'i', 'c']","['s', 'c', 'i', '@', 'J', 't', 'i', 'f', 'i', 'c']"
19537,Sean,6,"['s', 'e̞', 'ã']","['s', 'e_o', 'a~']"
19541,Selim,6,"['s', 'e̞', 'l', 'i', 'm']","['s', 'e_o', 'l', 'i', 'm']"
19545,Sol,6,"['s', 'o', 'l']","['s', 'o', 'l']"
19546,Sonic,6,"['s', 'ʊ', 'ŋ', 'i', 'c']","['s', 'U', 'N', 'i', 'c']"
19547,Sony,6,"['s', 'ʊ', 'ŋ', 'y']","['s', 'U', 'N', 'y']"
19550,Storm,6,"['s', 't', 'o', 'z̩', 'm']","['s', 't', 'o', 'z=', 'm']"
19553,Switch,6,"['s', 'w', 'i', 't', 'c', 'h']","['s', 'w', 'i', 't', 'c', 'h']"
19554,Systems,6,"['s', 'y', 's', 't', 'e̞', 'm', 's']","['s', 'y', 's', 't', 'e_o', 'm', 's']"
19556,Te,6,"['t', 'e̞']","['t', 'e_o']"
19557,Technische,6,"['t', 'e̞', 'c', 'h', 'n', 'i', 's', 'c', 'h', 'e̞']","['t', 'e_o', 'c', 'h', 'n', 'i', 's', 'c', 'h', 'e_o']"
19559,Terry,6,"['t', 'ə', 'ɻ', 'z̩', 'y']","['t', '@', 'r\\`', 'z=', 'y']"
19564,Tun,6,"['t', 'ɯ', 'ə̯', 'ɲ']","['t', 'M', '@_^', 'J']"
19566,Türk,6,"['t', 'ü', 'z̩', 'k']","['t', 'u_""', 'z=', 'k']"
19580,XML,6,"['ɕ', 'm', 'l']","['s\\', 'm', 'l']"
19583,Yorkshire,6,"['y', 'o', 'z̩', 'k', 's', 'h', 'i', 'z̩', 'e̞']","['y', 'o', 'z=', 'k', 's', 'h', 'i', 'z=', 'e_o']"
19590,c,6,['c'],['c']
19598,iPhone,6,"['i', 'pʰ', 'ʊ', 'ŋ', 'e̞']","['i', 'p_h', 'U', 'N', 'e_o']"
19600,ji,6,"['t͡ɕ', 'i']","['ts\\', 'i']"
19605,ni,6,"['n', 'i']","['n', 'i']"
19611,si,6,"['s', 'i']","['s', 'i']"
19617,transistor,6,"['t', 'z̩', 'ã', 's', 'i', 's', 't', 'o', 'z̩']","['t', 'z=', 'a~', 's', 'i', 's', 't', 'o', 'z=']"
22211,Ancient,5,"['ã', 'c', 'i', 'ə', 'ɲ', 't']","['a~', 'c', 'i', '@', 'J', 't']"
22213,Anser,5,"['ã', 's', 'ə', 'ɻ']","['a~', 's', '@', 'r\\`']"
22214,Antilles,5,"['ã', 't', 'i', 'l', 'l', 'e̞', 's']","['a~', 't', 'i', 'l', 'l', 'e_o', 's']"
22290,EMI,5,"['e̞', 'm', 'i']","['e_o', 'm', 'i']"
22291,EXO,5,"['e̞', 'ɕ', 'o']","['e_o', 's\\', 'o']"
22293,Electronics,5,"['e̞', 'l', 'e̞', 'c', 't', 'z̩', 'ʊ', 'ŋ', 'i', 'c', 's']","['e_o', 'l', 'e_o', 'c', 't', 'z=', 'U', 'N', 'i', 'c', 's']"
22295,Emil,5,"['e̞', 'm', 'i', 'l']","['e_o', 'm', 'i', 'l']"
22296,Emission,5,"['e̞', 'm', 'i', 's', 's', 'i̯', 'ʊ', 'ŋ']","['e_o', 'm', 'i', 's', 's', 'i_^', 'U', 'N']"
22301,Enterprise,5,"['ə', 'ɲ', 't', 'ə', 'ɻ', 'p', 'z̩', 'i', 's', 'e̞']","['@', 'J', 't', '@', 'r\\`', 'p', 'z=', 'i', 's', 'e_o']"
22302,Erich,5,"['ə', 'ɻ', 'i', 'c', 'h']","['@', 'r\\`', 'i', 'c', 'h']"
22304,Eye,5,"['e̞', 'y', 'e̞']","['e_o', 'y', 'e_o']"
22312,Force,5,"['f', 'o', 'z̩', 'c', 'e̞']","['f', 'o', 'z=', 'c', 'e_o']"
22313,Fr,5,"['f', 'z̩']","['f', 'z=']"
22329,HTTPS,5,"['h', 't', 't', 'p', 's']","['h', 't', 't', 'p', 's']"
22333,Han,5,"['h', 'ã']","['h', 'a~']"
22334,Ho,5,"['h', 'o']","['h', 'o']"
22335,Horst,5,"['h', 'o', 'z̩', 's', 't']","['h', 'o', 'z=', 's', 't']"
22340,IX,5,"['i', 'ɕ']","['i', 's\\']"
22342,Isles,5,"['i', 's', 'l', 'e̞', 's']","['i', 's', 'l', 'e_o', 's']"
22344,JYP,5,"['t͡ɕ', 'y', 'p']","['ts\\', 'y', 'p']"
22346,Janeiro,5,"['t͡ɕ', 'ã', 'e̞', 'i', 'z̩', 'o']","['ts\\', 'a~', 'e_o', 'i', 'z=', 'o']"
22347,Janet,5,"['t͡ɕ', 'ã', 'e̞', 't']","['ts\\', 'a~', 'e_o', 't']"
22349,Jeanne,5,"['t͡ɕ', 'e̞', 'ã', 'n', 'e̞']","['ts\\', 'e_o', 'a~', 'n', 'e_o']"
22350,Jeff,5,"['t͡ɕ', 'e̞', 'f', 'f']","['ts\\', 'e_o', 'f', 'f']"
22351,Jerry,5,"['t͡ɕ', 'ə', 'ɻ', 'z̩', 'y']","['ts\\', '@', 'r\\`', 'z=', 'y']"
22354,Joel,5,"['t͡ɕ', 'ø', 'l']","['ts\\', '2', 'l']"
22357,Jose,5,"['t͡ɕ', 'o', 's', 'e̞']","['ts\\', 'o', 's', 'e_o']"
22358,João,5,"['t͡ɕ', 'o', 'ã', 'o']","['ts\\', 'o', 'a~', 'o']"
22359,Junior,5,"['t͡ɕ', 'ɯ', 'ə̯', 'ɲ', 'i̯', 'o', 'z̩']","['ts\\', 'M', '@_^', 'J', 'i_^', 'o', 'z=']"
22366,Kowloon,5,"['k', 'o', 'w', 'l', 'o', 'ʊ', 'ŋ']","['k', 'o', 'w', 'l', 'o', 'U', 'N']"
22370,Lance,5,"['l', 'ã', 'c', 'e̞']","['l', 'a~', 'c', 'e_o']"
22372,Laurent,5,"['l', 'ɔ', 'z̩', 'ə', 'ɲ', 't']","['l', 'O', 'z=', '@', 'J', 't']"
22375,Lille,5,"['l', 'i', 'l', 'l', 'e̞']","['l', 'i', 'l', 'l', 'e_o']"
22381,MOSFET,5,"['m', 'o', 's', 'f', 'e̞', 't']","['m', 'o', 's', 'f', 'e_o', 't']"
22387,Manchester,5,"['m', 'ã', 'c', 'h', 'e̞', 's', 't', 'ə', 'ɻ']","['m', 'a~', 'c', 'h', 'e_o', 's', 't', '@', 'r\\`']"
22396,Mike,5,"['m', 'i', 'k', 'e̞']","['m', 'i', 'k', 'e_o']"
22397,Milano,5,"['m', 'i', 'l', 'ã', 'o']","['m', 'i', 'l', 'a~', 'o']"
22398,Min,5,"['m', 'ɪ', 'ɲ']","['m', 'I', 'J']"
22399,Mo,5,"['m', 'o']","['m', 'o']"
22401,Mons,5,"['m', 'ʊ', 'ŋ', 's']","['m', 'U', 'N', 's']"
22402,Monster,5,"['m', 'ʊ', 'ŋ', 's', 't', 'ə', 'ɻ']","['m', 'U', 'N', 's', 't', '@', 'r\\`']"
22403,Monte,5,"['m', 'ʊ', 'ŋ', 't', 'e̞']","['m', 'U', 'N', 't', 'e_o']"
22404,Moon,5,"['m', 'o', 'ʊ', 'ŋ']","['m', 'o', 'U', 'N']"
22405,Morris,5,"['m', 'o', 'z̩', 'z̩', 'i', 's']","['m', 'o', 'z=', 'z=', 'i', 's']"
22407,Mun,5,"['m', 'ɯ', 'ə̯', 'ɲ']","['m', 'M', '@_^', 'J']"
22411,NT,5,"['n', 't']","['n', 't']"
22417,Niels,5,"['n', 'i', 'e̞', 'l', 's']","['n', 'i', 'e_o', 'l', 's']"
22419,Nihon,5,"['n', 'i', 'h', 'ʊ', 'ŋ']","['n', 'i', 'h', 'U', 'N']"
22421,Nor,5,"['n', 'o', 'z̩']","['n', 'o', 'z=']"
22429,PSP,5,"['p', 's', 'p']","['p', 's', 'p']"
22436,Phil,5,"['pʰ', 'i', 'l']","['p_h', 'i', 'l']"
22437,Poisson,5,"['p', 'o', 'i', 's', 's', 'ʊ', 'ŋ']","['p', 'o', 'i', 's', 's', 'U', 'N']"
22450,Rex,5,"['z̩', 'e̞', 'ɕ']","['z=', 'e_o', 's\\']"
22452,Rilke,5,"['z̩', 'i', 'l', 'k', 'e̞']","['z=', 'i', 'l', 'k', 'e_o']"
22459,SK,5,"['s', 'k']","['s', 'k']"
22462,Sant,5,"['s', 'ã', 't']","['s', 'a~', 't']"
22463,Sc,5,"['s', 'c']","['s', 'c']"
22465,Schloss,5,"['s', 'c', 'h', 'l', 'o', 's', 's']","['s', 'c', 'h', 'l', 'o', 's', 's']"
22466,Scots,5,"['s', 'c', 'o', 't͡s']","['s', 'c', 'o', 'ts']"
22467,Scottish,5,"['s', 'c', 'o', 't', 't', 'i', 's', 'h']","['s', 'c', 'o', 't', 't', 'i', 's', 'h']"
22470,Seri,5,"['s', 'ə', 'ɻ', 'i']","['s', '@', 'r\\`', 'i']"
22473,Shell,5,"['s', 'h', 'e̞', 'l', 'l']","['s', 'h', 'e_o', 'l', 'l']"
22474,Simone,5,"['s', 'i', 'm', 'ʊ', 'ŋ', 'e̞']","['s', 'i', 'm', 'U', 'N', 'e_o']"
22477,Son,5,"['s', 'ʊ', 'ŋ']","['s', 'U', 'N']"
22480,Sr,5,"['s', 'z̩']","['s', 'z=']"
22481,Sri,5,"['s', 'z̩', 'i']","['s', 'z=', 'i']"
22488,Tech,5,"['t', 'e̞', 'c', 'h']","['t', 'e_o', 'c', 'h']"
22492,Theory,5,"['tʰ', 'e̞', 'o', 'z̩', 'y']","['t_h', 'e_o', 'o', 'z=', 'y']"
22493,Toronto,5,"['t', 'o', 'z̩', 'ʊ', 'ŋ', 't', 'o']","['t', 'o', 'z=', 'U', 'N', 't', 'o']"
22494,Torres,5,"['t', 'o', 'z̩', 'z̩', 'e̞', 's']","['t', 'o', 'z=', 'z=', 'e_o', 's']"
22495,Transport,5,"['t', 'z̩', 'ã', 's', 'p', 'o', 'z̩', 't']","['t', 'z=', 'a~', 's', 'p', 'o', 'z=', 't']"
22496,Tunnel,5,"['t', 'ɯ', 'ə̯', 'ɲ', 'n', 'e̞', 'l']","['t', 'M', '@_^', 'J', 'n', 'e_o', 'l']"
22499,UNIX,5,"['ɯ', 'ə̯', 'ɲ', 'i', 'ɕ']","['M', '@_^', 'J', 'i', 's\\']"
22504,Unity,5,"['ɯ', 'ə̯', 'ɲ', 'i', 't', 'y']","['M', '@_^', 'J', 'i', 't', 'y']"
22526,XI,5,"['ɕ', 'i']","['s\\', 'i']"
22528,YLE,5,"['y', 'l', 'e̞']","['y', 'l', 'e_o']"
22530,Yi,5,"['y', 'i']","['y', 'i']"
22537,au,5,['ɔ'],['O']
22545,cm,5,"['c', 'm']","['c', 'm']"
22549,element,5,"['e̞', 'l', 'e̞', 'm', 'ə', 'ɲ', 't']","['e_o', 'l', 'e_o', 'm', '@', 'J', 't']"
22550,er,5,"['ə', 'ɻ']","['@', 'r\\`']"
22553,from,5,"['f', 'z̩', 'o', 'm']","['f', 'z=', 'o', 'm']"
22560,iTunes,5,"['i', 't', 'ɯ', 'ə̯', 'ɲ', 'e̞', 's']","['i', 't', 'M', '@_^', 'J', 'e_o', 's']"
22566,man,5,"['m', 'ã']","['m', 'a~']"
22567,metro,5,"['m', 'e̞', 't', 'z̩', 'o']","['m', 'e_o', 't', 'z=', 'o']"
22568,network,5,"['n', 'e̞', 't', 'w', 'o', 'z̩', 'k']","['n', 'e_o', 't', 'w', 'o', 'z=', 'k']"
22569,nihon,5,"['n', 'i', 'h', 'ʊ', 'ŋ']","['n', 'i', 'h', 'U', 'N']"
22571,power,5,"['p', 'o', 'w', 'ə', 'ɻ']","['p', 'o', 'w', '@', 'r\\`']"
22573,ri,5,"['z̩', 'i']","['z=', 'i']"
22574,roll,5,"['z̩', 'o', 'l', 'l']","['z=', 'o', 'l', 'l']"
22576,science,5,"['s', 'c', 'i', 'ə', 'ɲ', 'c', 'e̞']","['s', 'c', 'i', '@', 'J', 'c', 'e_o']"
22578,sinensis,5,"['s', 'ɪ', 'ɲ', 'ə', 'ɲ', 's', 'i', 's']","['s', 'I', 'J', '@', 'J', 's', 'i', 's']"
22579,soil,5,"['s', 'o', 'i', 'l']","['s', 'o', 'i', 'l']"
22580,t,5,['t'],['t']
22581,tie,5,"['t', 'i', 'e̞']","['t', 'i', 'e_o']"
22592,β,5,['β'],['B']
26194,Annie,4,"['ã', 'n', 'i', 'e̞']","['a~', 'n', 'i', 'e_o']"
26312,Eesti,4,"['e̞', 'e̞', 's', 't', 'i']","['e_o', 'e_o', 's', 't', 'i']"
26313,Eilean,4,"['e̞', 'i', 'l', 'e̞', 'ã']","['e_o', 'i', 'l', 'e_o', 'a~']"
26317,Emilio,4,"['e̞', 'm', 'i', 'l', 'i̯', 'o']","['e_o', 'm', 'i', 'l', 'i_^', 'o']"
26322,ErP,4,"['ə', 'ɻ', 'p']","['@', 'r\\`', 'p']"
26324,Erik,4,"['ə', 'ɻ', 'i', 'k']","['@', 'r\\`', 'i', 'k']"
26329,Explorer,4,"['e̞', 'ɕ', 'p', 'l', 'o', 'z̩', 'ə', 'ɻ']","['e_o', 's\\', 'p', 'l', 'o', 'z=', '@', 'r\\`']"
26330,Express,4,"['e̞', 'ɕ', 'p', 'z̩', 'e̞', 's', 's']","['e_o', 's\\', 'p', 'z=', 'e_o', 's', 's']"
26331,FLN,4,"['f', 'l', 'n']","['f', 'l', 'n']"
26332,FM,4,"['f', 'm']","['f', 'm']"
26333,FTP,4,"['f', 't', 'p']","['f', 't', 'p']"
26341,File,4,"['f', 'i', 'l', 'e̞']","['f', 'i', 'l', 'e_o']"
26342,Firefox,4,"['f', 'i', 'z̩', 'e̞', 'f', 'o', 'ɕ']","['f', 'i', 'z=', 'e_o', 'f', 'o', 's\\']"
26345,Flickr,4,"['f', 'l', 'i', 'c', 'k', 'z̩']","['f', 'l', 'i', 'c', 'k', 'z=']"
26349,French,4,"['f', 'z̩', 'ə', 'ɲ', 'c', 'h']","['f', 'z=', '@', 'J', 'c', 'h']"
26351,From,4,"['f', 'z̩', 'o', 'm']","['f', 'z=', 'o', 'm']"
26352,Front,4,"['f', 'z̩', 'ʊ', 'ŋ', 't']","['f', 'z=', 'U', 'N', 't']"
26384,Herman,4,"['h', 'ə', 'ɻ', 'm', 'ã']","['h', '@', 'r\\`', 'm', 'a~']"
26385,Herschel,4,"['h', 'ə', 'ɻ', 's', 'c', 'h', 'e̞', 'l']","['h', '@', 'r\\`', 's', 'c', 'h', 'e_o', 'l']"
26397,IQ,4,"['i̯', 'ɪ', 'ʔ']","['i_^', 'I', '?']"
26400,Ice,4,"['i', 'c', 'e̞']","['i', 'c', 'e_o']"
26403,Illinois,4,"['i', 'l', 'l', 'ɪ', 'ɲ', 'o', 'i', 's']","['i', 'l', 'l', 'I', 'J', 'o', 'i', 's']"
26418,Jennie,4,"['t͡ɕ', 'ə', 'ɲ', 'n', 'i', 'e̞']","['ts\\', '@', 'J', 'n', 'i', 'e_o']"
26419,Jeremy,4,"['t͡ɕ', 'ə', 'ɻ', 'e̞', 'm', 'y']","['ts\\', '@', 'r\\`', 'e_o', 'm', 'y']"
26428,Keith,4,"['k', 'e̞', 'i', 'tʰ']","['k', 'e_o', 'i', 't_h']"
26429,Kelly,4,"['k', 'e̞', 'l', 'l', 'y']","['k', 'e_o', 'l', 'l', 'y']"
26433,Klaus,4,"['k', 'l', 'ɔ', 's']","['k', 'l', 'O', 's']"
26436,Konstantin,4,"['k', 'ʊ', 'ŋ', 's', 't', 'ã', 't', 'ɪ', 'ɲ']","['k', 'U', 'N', 's', 't', 'a~', 't', 'I', 'J']"
26438,Kristen,4,"['k', 'z̩', 'i', 's', 't', 'ə', 'ɲ']","['k', 'z=', 'i', 's', 't', '@', 'J']"
26439,Kwan,4,"['k', 'w', 'ã']","['k', 'w', 'a~']"
26440,LRT,4,"['l', 'z̩', 't']","['l', 'z=', 't']"
26445,Leung,4,"['l', 'ɜ', 'ŋ']","['l', '3', 'N']"
26448,Like,4,"['l', 'i', 'k', 'e̞']","['l', 'i', 'k', 'e_o']"
26453,Lionel,4,"['l', 'i̯', 'ʊ', 'ŋ', 'e̞', 'l']","['l', 'i_^', 'U', 'N', 'e_o', 'l']"
26455,Loire,4,"['l', 'o', 'i', 'z̩', 'e̞']","['l', 'o', 'i', 'z=', 'e_o']"
26456,Lost,4,"['l', 'o', 's', 't']","['l', 'o', 's', 't']"
26464,MSN,4,"['m', 's', 'n']","['m', 's', 'n']"
26477,Memphis,4,"['m', 'e̞', 'm', 'pʰ', 'i', 's']","['m', 'e_o', 'm', 'p_h', 'i', 's']"
26478,Mer,4,"['m', 'ə', 'ɻ']","['m', '@', 'r\\`']"
26482,Microsystems,4,"['m', 'i', 'c', 'z̩', 'o', 's', 'y', 's', 't', 'e̞', 'm', 's']","['m', 'i', 'c', 'z=', 'o', 's', 'y', 's', 't', 'e_o', 'm', 's']"
26489,Minix,4,"['m', 'ɪ', 'ɲ', 'i', 'ɕ']","['m', 'I', 'J', 'i', 's\\']"
26490,Minor,4,"['m', 'ɪ', 'ɲ', 'o', 'z̩']","['m', 'I', 'J', 'o', 'z=']"
26495,Moreton,4,"['m', 'o', 'z̩', 'e̞', 't', 'ʊ', 'ŋ']","['m', 'o', 'z=', 'e_o', 't', 'U', 'N']"
26496,Morton,4,"['m', 'o', 'z̩', 't', 'ʊ', 'ŋ']","['m', 'o', 'z=', 't', 'U', 'N']"
26498,Most,4,"['m', 'o', 's', 't']","['m', 'o', 's', 't']"
26507,NHK,4,"['n', 'h', 'k']","['n', 'h', 'k']"
26508,Nancy,4,"['n', 'ã', 'c', 'y']","['n', 'a~', 'c', 'y']"
26514,Nero,4,"['n', 'ə', 'ɻ', 'o']","['n', '@', 'r\\`', 'o']"
26515,Netflix,4,"['n', 'e̞', 't', 'f', 'l', 'i', 'ɕ']","['n', 'e_o', 't', 'f', 'l', 'i', 's\\']"
26518,Newton,4,"['n', 'e̞', 'w', 't', 'ʊ', 'ŋ']","['n', 'e_o', 'w', 't', 'U', 'N']"
26522,Nikolaus,4,"['n', 'i', 'k', 'o', 'l', 'ɔ', 's']","['n', 'i', 'k', 'o', 'l', 'O', 's']"
26524,Northwest,4,"['n', 'o', 'z̩', 'tʰ', 'w', 'e̞', 's', 't']","['n', 'o', 'z=', 't_h', 'w', 'e_o', 's', 't']"
26533,Oil,4,"['o', 'i', 'l']","['o', 'i', 'l']"
26536,On,4,"['ʊ', 'ŋ']","['U', 'N']"
26539,OpenOffice,4,"['o', 'p', 'ə', 'ɲ', 'o', 'f', 'f', 'i', 'c', 'e̞']","['o', 'p', '@', 'J', 'o', 'f', 'f', 'i', 'c', 'e_o']"
26540,OpenSSL,4,"['o', 'p', 'ə', 'ɲ', 's', 's', 'l']","['o', 'p', '@', 'J', 's', 's', 'l']"
26543,PO,4,"['p', 'o']","['p', 'o']"
26544,PS3,4,"['p', 's']","['p', 's']"
26558,People,4,"['p', 'e̞', 'o', 'p', 'l', 'e̞']","['p', 'e_o', 'o', 'p', 'l', 'e_o']"
26559,Per,4,"['p', 'ə', 'ɻ']","['p', '@', 'r\\`']"
26560,Phillip,4,"['pʰ', 'i', 'l', 'l', 'i', 'p']","['p_h', 'i', 'l', 'l', 'i', 'p']"
26562,Pi,4,"['p', 'i']","['p', 'i']"
26569,Police,4,"['p', 'o', 'l', 'i', 'c', 'e̞']","['p', 'o', 'l', 'i', 'c', 'e_o']"
26570,Polynesian,4,"['p', 'o', 'l', 'ʏ', 'ɲ', 'e̞', 's', 'i̯', 'ã']","['p', 'o', 'l', 'Y', 'J', 'e_o', 's', 'i_^', 'a~']"
26571,Polyphony,4,"['p', 'o', 'l', 'y', 'pʰ', 'ʊ', 'ŋ', 'y']","['p', 'o', 'l', 'y', 'p_h', 'U', 'N', 'y']"
26572,Pop,4,"['p', 'o', 'p']","['p', 'o', 'p']"
26574,Post,4,"['p', 'o', 's', 't']","['p', 'o', 's', 't']"
26575,Pr,4,"['p', 'z̩']","['p', 'z=']"
26576,Prime,4,"['p', 'z̩', 'i', 'm', 'e̞']","['p', 'z=', 'i', 'm', 'e_o']"
26578,Pro,4,"['p', 'z̩', 'o']","['p', 'z=', 'o']"
26584,Qt,4,"['t͡ɕʰ', 't']","['ts\\_h', 't']"
26588,RMS,4,"['z̩', 'm', 's']","['z=', 'm', 's']"
26596,Reich,4,"['z̩', 'e̞', 'i', 'c', 'h']","['z=', 'e_o', 'i', 'c', 'h']"
26606,Romeo,4,"['z̩', 'o', 'm', 'e̞', 'o']","['z=', 'o', 'm', 'e_o', 'o']"
26618,SONY,4,"['s', 'ʊ', 'ŋ', 'y']","['s', 'U', 'N', 'y']"
26619,SS,4,"['s', 's']","['s', 's']"
26625,Sankt,4,"['s', 'ã', 'k', 't']","['s', 'a~', 'k', 't']"
26626,Scheme,4,"['s', 'c', 'h', 'e̞', 'm', 'e̞']","['s', 'c', 'h', 'e_o', 'm', 'e_o']"
26635,Series,4,"['s', 'ə', 'ɻ', 'i', 'e̞', 's']","['s', '@', 'r\\`', 'i', 'e_o', 's']"
26636,Set,4,"['s', 'e̞', 't']","['s', 'e_o', 't']"
26637,Seth,4,"['s', 'e̞', 'tʰ']","['s', 'e_o', 't_h']"
26642,Societies,4,"['s', 'o', 'c', 'i', 'e̞', 't', 'i', 'e̞', 's']","['s', 'o', 'c', 'i', 'e_o', 't', 'i', 'e_o', 's']"
26643,Solomon,4,"['s', 'o', 'l', 'o', 'm', 'ʊ', 'ŋ']","['s', 'o', 'l', 'o', 'm', 'U', 'N']"
26644,Sonny,4,"['s', 'ʊ', 'ŋ', 'ɲ']","['s', 'U', 'N', 'J']"
26651,Stephanie,4,"['s', 't', 'e̞', 'pʰ', 'ã', 'i', 'e̞']","['s', 't', 'e_o', 'p_h', 'a~', 'i', 'e_o']"
26655,Stone,4,"['s', 't', 'ʊ', 'ŋ', 'e̞']","['s', 't', 'U', 'N', 'e_o']"
26656,Story,4,"['s', 't', 'o', 'z̩', 'y']","['s', 't', 'o', 'z=', 'y']"
26659,Sunny,4,"['s', 'ɯ', 'ə̯', 'ɲ', 'ɲ']","['s', 'M', '@_^', 'J', 'J']"
26663,Swiss,4,"['s', 'w', 'i', 's', 's']","['s', 'w', 'i', 's', 's']"
26666,T2,4,['t'],['t']
26669,Tan,4,"['t', 'ã']","['t', 'a~']"
26671,Temple,4,"['t', 'e̞', 'm', 'p', 'l', 'e̞']","['t', 'e_o', 'm', 'p', 'l', 'e_o']"
26675,Th,4,['tʰ'],['t_h']
26676,Thanon,4,"['tʰ', 'ã', 'ʊ', 'ŋ']","['t_h', 'a~', 'U', 'N']"
26679,Timor,4,"['t', 'i', 'm', 'o', 'z̩']","['t', 'i', 'm', 'o', 'z=']"
26680,Tin,4,"['t', 'ɪ', 'ɲ']","['t', 'I', 'J']"
26682,Top,4,"['t', 'o', 'p']","['t', 'o', 'p']"
26683,Torino,4,"['t', 'o', 'z̩', 'ɪ', 'ɲ', 'o']","['t', 'o', 'z=', 'I', 'J', 'o']"
26684,Torre,4,"['t', 'o', 'z̩', 'z̩', 'e̞']","['t', 'o', 'z=', 'z=', 'e_o']"
26687,Transfer,4,"['t', 'z̩', 'ã', 's', 'f', 'ə', 'ɻ']","['t', 'z=', 'a~', 's', 'f', '@', 'r\\`']"
26694,Twitter,4,"['t', 'w', 'i', 't', 't', 'ə', 'ɻ']","['t', 'w', 'i', 't', 't', '@', 'r\\`']"
26695,Typhoon,4,"['t', 'y', 'pʰ', 'o', 'ʊ', 'ŋ']","['t', 'y', 'p_h', 'o', 'U', 'N']"
26737,Xincun,4,"['ɕ', 'ɪ', 'ɲ', 'c', 'ɯ', 'ə̯', 'ɲ']","['s\\', 'I', 'J', 'c', 'M', '@_^', 'J']"
26738,Yellow,4,"['y', 'e̞', 'l', 'l', 'o', 'w']","['y', 'e_o', 'l', 'l', 'o', 'w']"
26739,Yip,4,"['y', 'i', 'p']","['y', 'i', 'p']"
26755,cancer,4,"['c', 'ã', 'c', 'ə', 'ɻ']","['c', 'a~', 'c', '@', 'r\\`']"
26759,city,4,"['c', 'i', 't', 'y']","['c', 'i', 't', 'y']"
26761,color,4,"['c', 'o', 'l', 'o', 'z̩']","['c', 'o', 'l', 'o', 'z=']"
26762,communis,4,"['c', 'o', 'm̩', 'ɯ', 'ə̯', 'ɲ', 'i', 's']","['c', 'o', 'm=', 'M', '@_^', 'J', 'i', 's']"
26771,electric,4,"['e̞', 'l', 'e̞', 'c', 't', 'z̩', 'i', 'c']","['e_o', 'l', 'e_o', 'c', 't', 'z=', 'i', 'c']"
26772,electron,4,"['e̞', 'l', 'e̞', 'c', 't', 'z̩', 'ʊ', 'ŋ']","['e_o', 'l', 'e_o', 'c', 't', 'z=', 'U', 'N']"
26778,force,4,"['f', 'o', 'z̩', 'c', 'e̞']","['f', 'o', 'z=', 'c', 'e_o']"
26779,für,4,"['f', 'ü', 'z̩']","['f', 'u_""', 'z=']"
26784,han,4,"['h', 'ã']","['h', 'a~']"
26792,junction,4,"['t͡ɕ', 'ɯ', 'ə̯', 'ɲ', 'c', 't', 'i̯', 'ʊ', 'ŋ']","['ts\\', 'M', '@_^', 'J', 'c', 't', 'i_^', 'U', 'N']"
26794,ko,4,"['k', 'o']","['k', 'o']"
26797,lemy,4,"['l', 'e̞', 'm', 'y']","['l', 'e_o', 'm', 'y']"
26802,memory,4,"['m', 'e̞', 'm', 'o', 'z̩', 'y']","['m', 'e_o', 'm', 'o', 'z=', 'y']"
26805,mtsho,4,"['m', 't͡sʰ', 'o']","['m', 'ts_h', 'o']"
26807,news,4,"['n', 'e̞', 'w', 's']","['n', 'e_o', 'w', 's']"
26808,nh,4,"['n', 'h']","['n', 'h']"
26809,olimpici,4,"['o', 'l', 'i', 'm', 'p', 'i', 'c', 'i']","['o', 'l', 'i', 'm', 'p', 'i', 'c', 'i']"
26811,pH,4,['pʰ'],['p_h']
26812,pekinensis,4,"['p', 'e̞', 'k', 'ɪ', 'ɲ', 'ə', 'ɲ', 's', 'i', 's']","['p', 'e_o', 'k', 'I', 'J', '@', 'J', 's', 'i', 's']"
26817,planet,4,"['p', 'l', 'ã', 'e̞', 't']","['p', 'l', 'a~', 'e_o', 't']"
26818,plant,4,"['p', 'l', 'ã', 't']","['p', 'l', 'a~', 't']"
26832,series,4,"['s', 'ə', 'ɻ', 'i', 'e̞', 's']","['s', '@', 'r\\`', 'i', 'e_o', 's']"
26833,shiei,4,"['s', 'h', 'i', 'e̞', 'i']","['s', 'h', 'i', 'e_o', 'i']"
26836,theorem,4,"['tʰ', 'e̞', 'o', 'z̩', 'e̞', 'm']","['t_h', 'e_o', 'o', 'z=', 'e_o', 'm']"
26838,un,4,"['ɯ', 'ə̯', 'ɲ']","['M', '@_^', 'J']"
26840,who,4,"['w', 'h', 'o']","['w', 'h', 'o']"
26851,ɪʔ,4,"['ɪ', 'ʔ']","['I', '?']"
26852,ʕə,4,"['ʕ', 'ə']","['?\\', '@']"
32153,5th,3,['tʰ'],['t_h']
32248,AU,3,['ɔ'],['O']
32295,Antoni,3,"['ã', 't', 'ʊ', 'ŋ', 'i']","['a~', 't', 'U', 'N', 'i']"
32297,Antony,3,"['ã', 't', 'ʊ', 'ŋ', 'y']","['a~', 't', 'U', 'N', 'y']"
32329,Aunt,3,"['ɔ', 'n', 't']","['O', 'n', 't']"
32332,AutoRun,3,"['ɔ', 't', 'o', 'z̩', 'ɯ', 'ə̯', 'ɲ']","['O', 't', 'o', 'z=', 'M', '@_^', 'J']"
32584,ESPN,3,"['e̞', 's', 'p', 'n']","['e_o', 's', 'p', 'n']"
32596,Elliot,3,"['e̞', 'l', 'l', 'i̯', 'o', 't']","['e_o', 'l', 'l', 'i_^', 'o', 't']"
32597,Emiliano,3,"['e̞', 'm', 'i', 'l', 'i̯', 'ã', 'o']","['e_o', 'm', 'i', 'l', 'i_^', 'a~', 'o']"
32598,En,3,"['ə', 'ɲ']","['@', 'J']"
32599,Encryption,3,"['ə', 'ɲ', 'c', 'z̩', 'y', 'p', 't', 'i̯', 'ʊ', 'ŋ']","['@', 'J', 'c', 'z=', 'y', 'p', 't', 'i_^', 'U', 'N']"
32603,Eocene,3,"['e̞', 'o', 'c', 'ə', 'ɲ', 'e̞']","['e_o', 'o', 'c', '@', 'J', 'e_o']"
32605,Eretmochelys,3,"['ə', 'ɻ', 'e̞', 't', 'm', 'o', 'c', 'h', 'e̞', 'l', 'y', 's']","['@', 'r\\`', 'e_o', 't', 'm', 'o', 'c', 'h', 'e_o', 'l', 'y', 's']"
32606,Essex,3,"['e̞', 's', 's', 'e̞', 'ɕ']","['e_o', 's', 's', 'e_o', 's\\']"
32607,Ethernet,3,"['e̞', 'tʰ', 'ə', 'ɻ', 'n', 'e̞', 't']","['e_o', 't_h', '@', 'r\\`', 'n', 'e_o', 't']"
32609,Euler,3,"['ɜ', 'l', 'ə', 'ɻ']","['3', 'l', '@', 'r\\`']"
32610,Europäische,3,"['ɜ', 'z̩', 'o', 'p', 'ä', 'i', 's', 'c', 'h', 'e̞']","['3', 'z=', 'o', 'p', 'a_""', 'i', 's', 'c', 'h', 'e_o']"
32611,Experience,3,"['e̞', 'ɕ', 'p', 'ə', 'ɻ', 'i', 'ə', 'ɲ', 'c', 'e̞']","['e_o', 's\\', 'p', '@', 'r\\`', 'i', '@', 'J', 'c', 'e_o']"
32612,Extension,3,"['e̞', 'ɕ', 't', 'ə', 'ɲ', 's', 'i̯', 'ʊ', 'ŋ']","['e_o', 's\\', 't', '@', 'J', 's', 'i_^', 'U', 'N']"
32615,F4,3,['f'],['f']
32623,Ferenc,3,"['f', 'ə', 'ɻ', 'ə', 'ɲ', 'c']","['f', '@', 'r\\`', '@', 'J', 'c']"
32624,Ferro,3,"['f', 'ə', 'ɻ', 'z̩', 'o']","['f', '@', 'r\\`', 'z=', 'o']"
32628,Fish,3,"['f', 'i', 's', 'h']","['f', 'i', 's', 'h']"
32629,Flores,3,"['f', 'l', 'o', 'z̩', 'e̞', 's']","['f', 'l', 'o', 'z=', 'e_o', 's']"
32631,Fly,3,"['f', 'l', 'y']","['f', 'l', 'y']"
32633,Foot,3,"['f', 'o', 'o', 't']","['f', 'o', 'o', 't']"
32635,Forces,3,"['f', 'o', 'z̩', 'c', 'e̞', 's']","['f', 'o', 'z=', 'c', 'e_o', 's']"
32636,Forest,3,"['f', 'o', 'z̩', 'e̞', 's', 't']","['f', 'o', 'z=', 'e_o', 's', 't']"
32639,Foster,3,"['f', 'o', 's', 't', 'ə', 'ɻ']","['f', 'o', 's', 't', '@', 'r\\`']"
32643,Francophonie,3,"['f', 'z̩', 'ã', 'c', 'o', 'pʰ', 'ʊ', 'ŋ', 'i', 'e̞']","['f', 'z=', 'a~', 'c', 'o', 'p_h', 'U', 'N', 'i', 'e_o']"
32650,Freie,3,"['f', 'z̩', 'e̞', 'i', 'e̞']","['f', 'z=', 'e_o', 'i', 'e_o']"
32653,Frisian,3,"['f', 'z̩', 'i', 's', 'i̯', 'ã']","['f', 'z=', 'i', 's', 'i_^', 'a~']"
32654,Frittelli,3,"['f', 'z̩', 'i', 't', 't', 'e̞', 'l', 'l', 'i']","['f', 'z=', 'i', 't', 't', 'e_o', 'l', 'l', 'i']"
32655,Frontier,3,"['f', 'z̩', 'ʊ', 'ŋ', 't', 'i', 'ə', 'ɻ']","['f', 'z=', 'U', 'N', 't', 'i', '@', 'r\\`']"
32716,Hank,3,"['h', 'ã', 'k']","['h', 'a~', 'k']"
32717,Hanl,3,"['h', 'ã', 'l']","['h', 'a~', 'l']"
32726,Haus,3,"['h', 'ɔ', 's']","['h', 'O', 's']"
32729,He,3,"['h', 'e̞']","['h', 'e_o']"
32737,Hills,3,"['h', 'i', 'l', 'l', 's']","['h', 'i', 'l', 'l', 's']"
32739,Hippo,3,"['h', 'i', 'p', 'p', 'o']","['h', 'i', 'p', 'p', 'o']"
32740,His,3,"['h', 'i', 's']","['h', 'i', 's']"
32741,Hockey,3,"['h', 'o', 'c', 'k', 'e̞', 'y']","['h', 'o', 'c', 'k', 'e_o', 'y']"
32742,Holly,3,"['h', 'o', 'l', 'l', 'y']","['h', 'o', 'l', 'l', 'y']"
32744,Honor,3,"['h', 'ʊ', 'ŋ', 'o', 'z̩']","['h', 'U', 'N', 'o', 'z=']"
32746,Hope,3,"['h', 'o', 'p', 'e̞']","['h', 'o', 'p', 'e_o']"
32747,Horn,3,"['h', 'o', 'z̩', 'n']","['h', 'o', 'z=', 'n']"
32752,Hunt,3,"['h', 'ɯ', 'ə̯', 'ɲ', 't']","['h', 'M', '@_^', 'J', 't']"
32755,Hypertext,3,"['h', 'y', 'p', 'ə', 'ɻ', 't', 'e̞', 'ɕ', 't']","['h', 'y', 'p', '@', 'r\\`', 't', 'e_o', 's\\', 't']"
32763,IE,3,"['i', 'e̞']","['i', 'e_o']"
32770,ISP,3,"['i', 's', 'p']","['i', 's', 'p']"
32772,Ich,3,"['i', 'c', 'h']","['i', 'c', 'h']"
32777,Imperio,3,"['i', 'm', 'p', 'ə', 'ɻ', 'i̯', 'o']","['i', 'm', 'p', '@', 'r\\`', 'i_^', 'o']"
32786,Inner,3,"['ɪ', 'ɲ', 'n', 'ə', 'ɻ']","['I', 'J', 'n', '@', 'r\\`']"
32790,Ioan,3,"['i̯', 'o', 'ã']","['i_^', 'o', 'a~']"
32794,Is,3,"['i', 's']","['i', 's']"
32796,Isole,3,"['i', 's', 'o', 'l', 'e̞']","['i', 's', 'o', 'l', 'e_o']"
32797,It,3,"['i', 't']","['i', 't']"
32802,J1,3,['t͡ɕ'],['ts\\']
32809,Jefferson,3,"['t͡ɕ', 'e̞', 'f', 'f', 'ə', 'ɻ', 's', 'ʊ', 'ŋ']","['ts\\', 'e_o', 'f', 'f', '@', 'r\\`', 's', 'U', 'N']"
32810,Joanne,3,"['t͡ɕ', 'o', 'ã', 'n', 'e̞']","['ts\\', 'o', 'a~', 'n', 'e_o']"
32811,Jocelyn,3,"['t͡ɕ', 'o', 'c', 'e̞', 'l', 'ʏ', 'ɲ']","['ts\\', 'o', 'c', 'e_o', 'l', 'Y', 'J']"
32813,Joint,3,"['t͡ɕ', 'o', 'ɪ', 'ɲ', 't']","['ts\\', 'o', 'I', 'J', 't']"
32814,Josep,3,"['t͡ɕ', 'o', 's', 'e̞', 'p']","['ts\\', 'o', 's', 'e_o', 'p']"
32816,Joy,3,"['t͡ɕ', 'o', 'y']","['ts\\', 'o', 'y']"
32823,Jöns,3,"['t͡ɕ', 'ö', 'n', 's']","['ts\\', 'o_""', 'n', 's']"
32825,KLM,3,"['k', 'l', 'm']","['k', 'l', 'm']"
32836,Kent,3,"['k', 'ə', 'ɲ', 't']","['k', '@', 'J', 't']"
32838,Kerr,3,"['k', 'ə', 'ɻ', 'z̩']","['k', '@', 'r\\`', 'z=']"
32839,Keynes,3,"['k', 'e̞', 'ʏ', 'ɲ', 'e̞', 's']","['k', 'e_o', 'Y', 'J', 'e_o', 's']"
32841,Kits,3,"['k', 'i', 't͡s']","['k', 'i', 'ts']"
32844,Kochi,3,"['k', 'o', 'c', 'h', 'i']","['k', 'o', 'c', 'h', 'i']"
32845,Koh,3,"['k', 'o', 'h']","['k', 'o', 'h']"
32846,Kok,3,"['k', 'o', 'k']","['k', 'o', 'k']"
32847,Kr,3,"['k', 'z̩']","['k', 'z=']"
32851,Kyoto,3,"['k', 'y', 'o', 't', 'o']","['k', 'y', 'o', 't', 'o']"
32852,Köln,3,"['k', 'ö', 'l', 'n']","['k', 'o_""', 'l', 'n']"
32858,LaNi,3,"['l', 'ã', 'i']","['l', 'a~', 'i']"
32872,Lau,3,"['l', 'ɔ']","['l', 'O']"
32873,Laurie,3,"['l', 'ɔ', 'z̩', 'i', 'e̞']","['l', 'O', 'z=', 'i', 'e_o']"
32874,Leclerc,3,"['l', 'e̞', 'c', 'l', 'ə', 'ɻ', 'c']","['l', 'e_o', 'c', 'l', '@', 'r\\`', 'c']"
32877,Leek,3,"['l', 'e̞', 'e̞', 'k']","['l', 'e_o', 'e_o', 'k']"
32879,Left,3,"['l', 'e̞', 'f', 't']","['l', 'e_o', 'f', 't']"
32885,Leroy,3,"['l', 'ə', 'ɻ', 'o', 'y']","['l', '@', 'r\\`', 'o', 'y']"
32886,Lesser,3,"['l', 'e̞', 's', 's', 'ə', 'ɻ']","['l', 'e_o', 's', 's', '@', 'r\\`']"
32887,Lester,3,"['l', 'e̞', 's', 't', 'ə', 'ɻ']","['l', 'e_o', 's', 't', '@', 'r\\`']"
32890,License,3,"['l', 'i', 'c', 'ə', 'ɲ', 's', 'e̞']","['l', 'i', 'c', '@', 'J', 's', 'e_o']"
32891,Lin,3,"['l', 'ɪ', 'ɲ']","['l', 'I', 'J']"
32895,Lion,3,"['l', 'i̯', 'ʊ', 'ŋ']","['l', 'i_^', 'U', 'N']"
32896,Lisp,3,"['l', 'i', 's', 'p']","['l', 'i', 's', 'p']"
32901,Loch,3,"['l', 'o', 'c', 'h']","['l', 'o', 'c', 'h']"
32907,Low,3,"['l', 'o', 'w']","['l', 'o', 'w']"
32916,Lynn,3,"['l', 'ʏ', 'ɲ', 'n']","['l', 'Y', 'J', 'n']"
32920,M4,3,['m'],['m']
32921,M5,3,['m'],['m']
32928,MERS,3,"['m', 'ə', 'ɻ', 's']","['m', '@', 'r\\`', 's']"
32929,MINIX,3,"['m', 'ɪ', 'ɲ', 'i', 'ɕ']","['m', 'I', 'J', 'i', 's\\']"
32930,MP,3,"['m', 'p']","['m', 'p']"
32932,MS,3,"['m', 's']","['m', 's']"
32976,Mei,3,"['m', 'e̞', 'i']","['m', 'e_o', 'i']"
32978,Melanie,3,"['m', 'e̞', 'l', 'ã', 'i', 'e̞']","['m', 'e_o', 'l', 'a~', 'i', 'e_o']"
32985,Mexico,3,"['m', 'e̞', 'ɕ', 'i', 'c', 'o']","['m', 'e_o', 's\\', 'i', 'c', 'o']"
32991,Minh,3,"['m', 'ɪ', 'ɲ', 'h']","['m', 'I', 'J', 'h']"
32992,Minister,3,"['m', 'ɪ', 'ɲ', 'i', 's', 't', 'ə', 'ɻ']","['m', 'I', 'J', 'i', 's', 't', '@', 'r\\`']"
32993,Miss,3,"['m', 'i', 's', 's']","['m', 'i', 's', 's']"
32994,Mission,3,"['m', 'i', 's', 's', 'i̯', 'ʊ', 'ŋ']","['m', 'i', 's', 's', 'i_^', 'U', 'N']"
32995,Mississippi,3,"['m', 'i', 's', 's', 'i', 's', 's', 'i', 'p', 'p', 'i']","['m', 'i', 's', 's', 'i', 's', 's', 'i', 'p', 'p', 'i']"
32997,Mnet,3,"['m', 'n', 'e̞', 't']","['m', 'n', 'e_o', 't']"
32999,Momo,3,"['m', 'o', 'm', 'o']","['m', 'o', 'm', 'o']"
33001,Money,3,"['m', 'ʊ', 'ŋ', 'e̞', 'y']","['m', 'U', 'N', 'e_o', 'y']"
33004,Monoikos,3,"['m', 'ʊ', 'ŋ', 'o', 'i', 'k', 'o', 's']","['m', 'U', 'N', 'o', 'i', 'k', 'o', 's']"
33005,Mont,3,"['m', 'ʊ', 'ŋ', 't']","['m', 'U', 'N', 't']"
33008,Monty,3,"['m', 'ʊ', 'ŋ', 't', 'y']","['m', 'U', 'N', 't', 'y']"
33010,More,3,"['m', 'o', 'z̩', 'e̞']","['m', 'o', 'z=', 'e_o']"
33011,Motors,3,"['m', 'o', 't', 'o', 'z̩', 's']","['m', 'o', 't', 'o', 'z=', 's']"
33014,Mr,3,"['m', 'z̩']","['m', 'z=']"
33016,MySQL,3,"['m', 'y', 's', 't͡ɕʰ', 'l']","['m', 'y', 's', 'ts\\_h', 'l']"
33019,Müller,3,"['m', 'ü', 'l', 'l', 'ə', 'ɻ']","['m', 'u_""', 'l', 'l', '@', 'r\\`']"
33020,Münchner,3,"['m', 'ü', 'n', 'c', 'h', 'n', 'ə', 'ɻ']","['m', 'u_""', 'n', 'c', 'h', 'n', '@', 'r\\`']"
33025,NGO,3,"['ŋ', 'o']","['N', 'o']"
33026,NMR,3,"['n', 'm', 'z̩']","['n', 'm', 'z=']"
33027,NS,3,"['n', 's']","['n', 's']"
33034,Ne,3,"['n', 'e̞']","['n', 'e_o']"
33036,Nelly,3,"['n', 'e̞', 'l', 'l', 'y']","['n', 'e_o', 'l', 'l', 'y']"
33038,Networks,3,"['n', 'e̞', 't', 'w', 'o', 'z̩', 'k', 's']","['n', 'e_o', 't', 'w', 'o', 'z=', 'k', 's']"
33040,Newin,3,"['n', 'e̞', 'w', 'ɪ', 'ɲ']","['n', 'e_o', 'w', 'I', 'J']"
33041,News,3,"['n', 'e̞', 'w', 's']","['n', 'e_o', 'w', 's']"
33042,Nicole,3,"['n', 'i', 'c', 'o', 'l', 'e̞']","['n', 'i', 'c', 'o', 'l', 'e_o']"
33043,Nikon,3,"['n', 'i', 'k', 'ʊ', 'ŋ']","['n', 'i', 'k', 'U', 'N']"
33044,Nils,3,"['n', 'i', 'l', 's']","['n', 'i', 'l', 's']"
33045,Ninh,3,"['n', 'ɪ', 'ɲ', 'h']","['n', 'I', 'J', 'h']"
33062,OK,3,"['o', 'k']","['o', 'k']"
33063,ONE,3,"['ʊ', 'ŋ', 'e̞']","['U', 'N', 'e_o']"
33076,Orleans,3,"['o', 'z̩', 'l', 'e̞', 'ã', 's']","['o', 'z=', 'l', 'e_o', 'a~', 's']"
33077,Orson,3,"['o', 'z̩', 's', 'ʊ', 'ŋ']","['o', 'z=', 's', 'U', 'N']"
33079,Os,3,"['o', 's']","['o', 's']"
33081,Otis,3,"['o', 't', 'i', 's']","['o', 't', 'i', 's']"
33083,Owen,3,"['o', 'w', 'ə', 'ɲ']","['o', 'w', '@', 'J']"
33084,PAN,3,"['p', 'ã']","['p', 'a~']"
33086,PE,3,"['p', 'e̞']","['p', 'e_o']"
33087,PH,3,['pʰ'],['p_h']
33088,PNS,3,"['p', 'n', 's']","['p', 'n', 's']"
33091,PPP,3,"['p', 'p', 'p']","['p', 'p', 'p']"
33092,PR,3,"['p', 'z̩']","['p', 'z=']"
33107,Pauline,3,"['p', 'ɔ', 'l', 'ɪ', 'ɲ', 'e̞']","['p', 'O', 'l', 'I', 'J', 'e_o']"
33110,Pei,3,"['p', 'e̞', 'i']","['p', 'e_o', 'i']"
33111,Peil,3,"['p', 'e̞', 'i', 'l']","['p', 'e_o', 'i', 'l']"
33115,Perfect,3,"['p', 'ə', 'ɻ', 'f', 'e̞', 'c', 't']","['p', '@', 'r\\`', 'f', 'e_o', 'c', 't']"
33116,Pericles,3,"['p', 'ə', 'ɻ', 'i', 'c', 'l', 'e̞', 's']","['p', '@', 'r\\`', 'i', 'c', 'l', 'e_o', 's']"
33119,Perl,3,"['p', 'ə', 'ɻ', 'l']","['p', '@', 'r\\`', 'l']"
33120,Persian,3,"['p', 'ə', 'ɻ', 's', 'i̯', 'ã']","['p', '@', 'r\\`', 's', 'i_^', 'a~']"
33121,Person,3,"['p', 'ə', 'ɻ', 's', 'ʊ', 'ŋ']","['p', '@', 'r\\`', 's', 'U', 'N']"
33124,Pete,3,"['p', 'e̞', 't', 'e̞']","['p', 'e_o', 't', 'e_o']"
33125,Petroleum,3,"['p', 'e̞', 't', 'z̩', 'o', 'l', 'ɜ', 'm']","['p', 'e_o', 't', 'z=', 'o', 'l', '3', 'm']"
33127,Ph,3,['pʰ'],['p_h']
33128,Phan,3,"['pʰ', 'ã']","['p_h', 'a~']"
33131,Philosophy,3,"['pʰ', 'i', 'l', 'o', 's', 'o', 'pʰ', 'y']","['p_h', 'i', 'l', 'o', 's', 'o', 'p_h', 'y']"
33133,Pico,3,"['p', 'i', 'c', 'o']","['p', 'i', 'c', 'o']"
33135,Piero,3,"['p', 'i', 'ə', 'ɻ', 'o']","['p', 'i', '@', 'r\\`', 'o']"
33141,Planet,3,"['p', 'l', 'ã', 'e̞', 't']","['p', 'l', 'a~', 'e_o', 't']"
33149,Point,3,"['p', 'o', 'ɪ', 'ɲ', 't']","['p', 'o', 'I', 'J', 't']"
33151,Polo,3,"['p', 'o', 'l', 'o']","['p', 'o', 'l', 'o']"
33152,Ponte,3,"['p', 'ʊ', 'ŋ', 't', 'e̞']","['p', 'U', 'N', 't', 'e_o']"
33153,Pooh,3,"['p', 'o', 'o', 'h']","['p', 'o', 'o', 'h']"
33157,Premier,3,"['p', 'z̩', 'e̞', 'm', 'i', 'ə', 'ɻ']","['p', 'z=', 'e_o', 'm', 'i', '@', 'r\\`']"
33160,Primo,3,"['p', 'z̩', 'i', 'm', 'o']","['p', 'z=', 'i', 'm', 'o']"
33166,Prosper,3,"['p', 'z̩', 'o', 's', 'p', 'ə', 'ɻ']","['p', 'z=', 'o', 's', 'p', '@', 'r\\`']"
33167,Protein,3,"['p', 'z̩', 'o', 't', 'e̞', 'ɪ', 'ɲ']","['p', 'z=', 'o', 't', 'e_o', 'I', 'J']"
33173,Pyotr,3,"['p', 'y', 'o', 't', 'z̩']","['p', 'y', 'o', 't', 'z=']"
33176,QS,3,"['t͡ɕʰ', 's']","['ts\\_h', 's']"
33182,RSS,3,"['z̩', 's', 's']","['z=', 's', 's']"
33183,RTL,3,"['z̩', 't', 'l']","['z=', 't', 'l']"
33195,Re,3,"['z̩', 'e̞']","['z=', 'e_o']"
33200,Resonance,3,"['z̩', 'e̞', 's', 'ʊ', 'ŋ', 'ã', 'c', 'e̞']","['z=', 'e_o', 's', 'U', 'N', 'a~', 'c', 'e_o']"
33203,Rey,3,"['z̩', 'e̞', 'y']","['z=', 'e_o', 'y']"
33205,Rice,3,"['z̩', 'i', 'c', 'e̞']","['z=', 'i', 'c', 'e_o']"
33206,Ricky,3,"['z̩', 'i', 'c', 'k', 'y']","['z=', 'i', 'c', 'k', 'y']"
33214,Roll,3,"['z̩', 'o', 'l', 'l']","['z=', 'o', 'l', 'l']"
33216,Romance,3,"['z̩', 'o', 'm', 'ã', 'c', 'e̞']","['z=', 'o', 'm', 'a~', 'c', 'e_o']"
33218,Romero,3,"['z̩', 'o', 'm', 'ə', 'ɻ', 'o']","['z=', 'o', 'm', '@', 'r\\`', 'o']"
33219,Ronnie,3,"['z̩', 'ʊ', 'ŋ', 'n', 'i', 'e̞']","['z=', 'U', 'N', 'n', 'i', 'e_o']"
33223,Ryan,3,"['z̩', 'y', 'ã']","['z=', 'y', 'a~']"
33234,SSH,3,"['s', 's', 'h']","['s', 's', 'h']"
33235,STP,3,"['s', 't', 'p']","['s', 't', 'p']"
33252,Sancho,3,"['s', 'ã', 'c', 'h', 'o']","['s', 'a~', 'c', 'h', 'o']"
33254,Sancti,3,"['s', 'ã', 'c', 't', 'i']","['s', 'a~', 'c', 't', 'i']"
33273,Sex,3,"['s', 'e̞', 'ɕ']","['s', 'e_o', 's\\']"
33278,Shan,3,"['s', 'h', 'ã']","['s', 'h', 'a~']"
33279,She,3,"['s', 'h', 'e̞']","['s', 'h', 'e_o']"
33282,Shirley,3,"['s', 'h', 'i', 'z̩', 'l', 'e̞', 'y']","['s', 'h', 'i', 'z=', 'l', 'e_o', 'y']"
33283,Shit,3,"['s', 'h', 'i', 't']","['s', 'h', 'i', 't']"
33285,Short,3,"['s', 'h', 'o', 'z̩', 't']","['s', 'h', 'o', 'z=', 't']"
33288,Silent,3,"['s', 'i', 'l', 'ə', 'ɲ', 't']","['s', 'i', 'l', '@', 'J', 't']"
33289,Silicon,3,"['s', 'i', 'l', 'i', 'c', 'ʊ', 'ŋ']","['s', 'i', 'l', 'i', 'c', 'U', 'N']"
33291,Simple,3,"['s', 'i', 'm', 'p', 'l', 'e̞']","['s', 'i', 'm', 'p', 'l', 'e_o']"
33292,Simpson,3,"['s', 'i', 'm', 'p', 's', 'ʊ', 'ŋ']","['s', 'i', 'm', 'p', 's', 'U', 'N']"
33295,Sinope,3,"['s', 'ɪ', 'ɲ', 'o', 'p', 'e̞']","['s', 'I', 'J', 'o', 'p', 'e_o']"
33296,Sint,3,"['s', 'ɪ', 'ɲ', 't']","['s', 'I', 'J', 't']"
33299,Sn,3,"['s', 'n']","['s', 'n']"
33302,Somerset,3,"['s', 'o', 'm', 'ə', 'ɻ', 's', 'e̞', 't']","['s', 'o', 'm', '@', 'r\\`', 's', 'e_o', 't']"
33303,Somme,3,"['s', 'o', 'm̩', 'e̞']","['s', 'o', 'm=', 'e_o']"
33304,Sons,3,"['s', 'ʊ', 'ŋ', 's']","['s', 'U', 'N', 's']"
33306,Spirit,3,"['s', 'p', 'i', 'z̩', 'i', 't']","['s', 'p', 'i', 'z=', 'i', 't']"
33313,Stan,3,"['s', 't', 'ã']","['s', 't', 'a~']"
33316,Steel,3,"['s', 't', 'e̞', 'e̞', 'l']","['s', 't', 'e_o', 'e_o', 'l']"
33317,Stefan,3,"['s', 't', 'e̞', 'f', 'ã']","['s', 't', 'e_o', 'f', 'a~']"
33318,Stockholms,3,"['s', 't', 'o', 'c', 'kʰ', 'o', 'l', 'm', 's']","['s', 't', 'o', 'c', 'k_h', 'o', 'l', 'm', 's']"
33321,Style,3,"['s', 't', 'y', 'l', 'e̞']","['s', 't', 'y', 'l', 'e_o']"
33322,Styx,3,"['s', 't', 'y', 'ɕ']","['s', 't', 'y', 's\\']"
33339,Süleyman,3,"['s', 'ü', 'l', 'e̞', 'y', 'm', 'ã']","['s', 'u_""', 'l', 'e_o', 'y', 'm', 'a~']"
33347,Tc,3,"['t', 'c']","['t', 'c']"
33354,Tell,3,"['t', 'e̞', 'l', 'l']","['t', 'e_o', 'l', 'l']"
33355,Tenerife,3,"['t', 'ə', 'ɲ', 'ə', 'ɻ', 'i', 'f', 'e̞']","['t', '@', 'J', '@', 'r\\`', 'i', 'f', 'e_o']"
33356,Tennessee,3,"['t', 'ə', 'ɲ', 'n', 'e̞', 's', 's', 'e̞', 'e̞']","['t', '@', 'J', 'n', 'e_o', 's', 's', 'e_o', 'e_o']"
33358,Terence,3,"['t', 'ə', 'ɻ', 'ə', 'ɲ', 'c', 'e̞']","['t', '@', 'r\\`', '@', 'J', 'c', 'e_o']"
33361,Territoire,3,"['t', 'ə', 'ɻ', 'z̩', 'i', 't', 'o', 'i', 'z̩', 'e̞']","['t', '@', 'r\\`', 'z=', 'i', 't', 'o', 'i', 'z=', 'e_o']"
33362,Territories,3,"['t', 'ə', 'ɻ', 'z̩', 'i', 't', 'o', 'z̩', 'i', 'e̞', 's']","['t', '@', 'r\\`', 'z=', 'i', 't', 'o', 'z=', 'i', 'e_o', 's']"
33365,Thani,3,"['tʰ', 'ã', 'i']","['t_h', 'a~', 'i']"
33367,Theo,3,"['tʰ', 'e̞', 'o']","['t_h', 'e_o', 'o']"
33368,Thin,3,"['tʰ', 'ɪ', 'ɲ']","['t_h', 'I', 'J']"
33369,Thomson,3,"['tʰ', 'o', 'm', 's', 'ʊ', 'ŋ']","['t_h', 'o', 'm', 's', 'U', 'N']"
33370,Thor,3,"['tʰ', 'o', 'z̩']","['t_h', 'o', 'z=']"
33372,Ti,3,"['t', 'i']","['t', 'i']"
33376,Tl,3,"['t', 'l']","['t', 'l']"
33377,Tomlinson,3,"['t', 'o', 'm', 'l', 'ɪ', 'ɲ', 's', 'ʊ', 'ŋ']","['t', 'o', 'm', 'l', 'I', 'J', 's', 'U', 'N']"
33381,Toni,3,"['t', 'ʊ', 'ŋ', 'i']","['t', 'U', 'N', 'i']"
33382,Tor,3,"['t', 'o', 'z̩']","['t', 'o', 'z=']"
33389,Transmission,3,"['t', 'z̩', 'ã', 's', 'm', 'i', 's', 's', 'i̯', 'ʊ', 'ŋ']","['t', 'z=', 'a~', 's', 'm', 'i', 's', 's', 'i_^', 'U', 'N']"
33390,Tree,3,"['t', 'z̩', 'e̞', 'e̞']","['t', 'z=', 'e_o', 'e_o']"
33392,Tristan,3,"['t', 'z̩', 'i', 's', 't', 'ã']","['t', 'z=', 'i', 's', 't', 'a~']"
33404,UN,3,"['ɯ', 'ə̯', 'ɲ']","['M', '@_^', 'J']"
33411,Uncle,3,"['ɯ', 'ə̯', 'ɲ', 'c', 'l', 'e̞']","['M', '@_^', 'J', 'c', 'l', 'e_o']"
33413,Uniform,3,"['ɯ', 'ə̯', 'ɲ', 'i', 'f', 'o', 'z̩', 'm']","['M', '@_^', 'J', 'i', 'f', 'o', 'z=', 'm']"
33478,Yeung,3,"['y', 'ɜ', 'ŋ']","['y', '3', 'N']"
33512,centre,3,"['c', 'ə', 'ɲ', 't', 'z̩', 'e̞']","['c', '@', 'J', 't', 'z=', 'e_o']"
33515,chemistry,3,"['c', 'h', 'e̞', 'm', 'i', 's', 't', 'z̩', 'y']","['c', 'h', 'e_o', 'm', 'i', 's', 't', 'z=', 'y']"
33516,chip,3,"['c', 'h', 'i', 'p']","['c', 'h', 'i', 'p']"
33519,cyaneus,3,"['c', 'y', 'ã', 'ɜ', 's']","['c', 'y', 'a~', '3', 's']"
33520,cycle,3,"['c', 'y', 'c', 'l', 'e̞']","['c', 'y', 'c', 'l', 'e_o']"
33539,eh,3,"['e̞', 'h']","['e_o', 'h']"
33540,electronic,3,"['e̞', 'l', 'e̞', 'c', 't', 'z̩', 'ʊ', 'ŋ', 'i', 'c']","['e_o', 'l', 'e_o', 'c', 't', 'z=', 'U', 'N', 'i', 'c']"
33544,experiment,3,"['e̞', 'ɕ', 'p', 'ə', 'ɻ', 'i', 'm', 'ə', 'ɲ', 't']","['e_o', 's\\', 'p', '@', 'r\\`', 'i', 'm', '@', 'J', 't']"
33545,f,3,['f'],['f']
33548,femoris,3,"['f', 'e̞', 'm', 'o', 'z̩', 'i', 's']","['f', 'e_o', 'm', 'o', 'z=', 'i', 's']"
33551,first,3,"['f', 'i', 'z̩', 's', 't']","['f', 'i', 'z=', 's', 't']"
33553,floor,3,"['f', 'l', 'o', 'o', 'z̩']","['f', 'l', 'o', 'o', 'z=']"
33555,franc,3,"['f', 'z̩', 'ã', 'c']","['f', 'z=', 'a~', 'c']"
33557,front,3,"['f', 'z̩', 'ʊ', 'ŋ', 't']","['f', 'z=', 'U', 'N', 't']"
33558,ft,3,"['f', 't']","['f', 't']"
33559,function,3,"['f', 'ɯ', 'ə̯', 'ɲ', 'c', 't', 'i̯', 'ʊ', 'ŋ']","['f', 'M', '@_^', 'J', 'c', 't', 'i_^', 'U', 'N']"
33572,h,3,['h'],['h']
33576,hole,3,"['h', 'o', 'l', 'e̞']","['h', 'o', 'l', 'e_o']"
33577,hormone,3,"['h', 'o', 'z̩', 'm', 'ʊ', 'ŋ', 'e̞']","['h', 'o', 'z=', 'm', 'U', 'N', 'e_o']"
33578,horse,3,"['h', 'o', 'z̩', 's', 'e̞']","['h', 'o', 'z=', 's', 'e_o']"
33581,ii,3,"['i', 'i']","['i', 'i']"
33587,interpres,3,"['ɪ', 'ɲ', 't', 'ə', 'ɻ', 'p', 'z̩', 'e̞', 's']","['I', 'J', 't', '@', 'r\\`', 'p', 'z=', 'e_o', 's']"
33589,jo,3,"['t͡ɕ', 'o']","['ts\\', 'o']"
33590,k,3,['k'],['k']
33605,leo,3,"['l', 'e̞', 'o']","['l', 'e_o', 'o']"
33607,li,3,"['l', 'i']","['l', 'i']"
33608,lieutenant,3,"['l', 'i̯', 'ɜ', 't', 'ə', 'ɲ', 'ã', 't']","['l', 'i_^', '3', 't', '@', 'J', 'a~', 't']"
33609,like,3,"['l', 'i', 'k', 'e̞']","['l', 'i', 'k', 'e_o']"
33612,lo,3,"['l', 'o']","['l', 'o']"
33613,lock,3,"['l', 'o', 'c', 'k']","['l', 'o', 'c', 'k']"
33618,minor,3,"['m', 'ɪ', 'ɲ', 'o', 'z̩']","['m', 'I', 'J', 'o', 'z=']"
33619,mm,3,['m̩'],['m=']
33634,one,3,"['ʊ', 'ŋ', 'e̞']","['U', 'N', 'e_o']"
33639,os,3,"['o', 's']","['o', 's']"
33643,p,3,['p'],['p']
33648,pencil,3,"['p', 'ə', 'ɲ', 'c', 'i', 'l']","['p', '@', 'J', 'c', 'i', 'l']"
33649,perennis,3,"['p', 'ə', 'ɻ', 'ə', 'ɲ', 'n', 'i', 's']","['p', '@', 'r\\`', '@', 'J', 'n', 'i', 's']"
33652,pop,3,"['p', 'o', 'p']","['p', 'o', 'p']"
33653,porn,3,"['p', 'o', 'z̩', 'n']","['p', 'o', 'z=', 'n']"
33655,preposition,3,"['p', 'z̩', 'e̞', 'p', 'o', 's', 'i', 't', 'i̯', 'ʊ', 'ŋ']","['p', 'z=', 'e_o', 'p', 'o', 's', 'i', 't', 'i_^', 'U', 'N']"
33657,prince,3,"['p', 'z̩', 'ɪ', 'ɲ', 'c', 'e̞']","['p', 'z=', 'I', 'J', 'c', 'e_o']"
33661,r,3,['z̩'],['z=']
33667,rex,3,"['z̩', 'e̞', 'ɕ']","['z=', 'e_o', 's\\']"
33670,root,3,"['z̩', 'o', 'o', 't']","['z=', 'o', 'o', 't']"
33674,sec,3,"['s', 'e̞', 'c']","['s', 'e_o', 'c']"
33678,set,3,"['s', 'e̞', 't']","['s', 'e_o', 't']"
33679,sh,3,"['s', 'h']","['s', 'h']"
33682,sin,3,"['s', 'ɪ', 'ɲ']","['s', 'I', 'J']"
33686,sp,3,"['s', 'p']","['s', 'p']"
33687,speech,3,"['s', 'p', 'e̞', 'e̞', 'c', 'h']","['s', 'p', 'e_o', 'e_o', 'c', 'h']"
33688,sq,3,"['s', 't͡ɕʰ']","['s', 'ts\\_h']"
33690,stem,3,"['s', 't', 'e̞', 'm']","['s', 't', 'e_o', 'm']"
33691,stress,3,"['s', 't', 'z̩', 'e̞', 's', 's']","['s', 't', 'z=', 'e_o', 's', 's']"
33695,te,3,"['t', 'e̞']","['t', 'e_o']"
33698,their,3,"['tʰ', 'e̞', 'i', 'z̩']","['t_h', 'e_o', 'i', 'z=']"
33699,thoron,3,"['tʰ', 'o', 'z̩', 'ʊ', 'ŋ']","['t_h', 'o', 'z=', 'U', 'N']"
33700,time,3,"['t', 'i', 'm', 'e̞']","['t', 'i', 'm', 'e_o']"
33702,transit,3,"['t', 'z̩', 'ã', 's', 'i', 't']","['t', 'z=', 'a~', 's', 'i', 't']"
33703,transport,3,"['t', 'z̩', 'ã', 's', 'p', 'o', 'z̩', 't']","['t', 'z=', 'a~', 's', 'p', 'o', 'z=', 't']"
33704,tree,3,"['t', 'z̩', 'e̞', 'e̞']","['t', 'z=', 'e_o', 'e_o']"
33707,ts,3,['t͡s'],['ts']
33708,tsrw,3,"['t͡s', 'z̩', 'w']","['ts', 'z=', 'w']"
33709,une,3,"['ɯ', 'ə̯', 'ɲ', 'e̞']","['M', '@_^', 'J', 'e_o']"
33710,unies,3,"['ɯ', 'ə̯', 'ɲ', 'i', 'e̞', 's']","['M', '@_^', 'J', 'i', 'e_o', 's']"
33718,were,3,"['w', 'ə', 'ɻ', 'e̞']","['w', '@', 'r\\`', 'e_o']"
33720,whole,3,"['w', 'h', 'o', 'l', 'e̞']","['w', 'h', 'o', 'l', 'e_o']"
